,route_or_line,date,gated_entries,temp,precip,preciptype,snow,traincnt
0,Blue Line,2022-01-01,12075.9,46.9,0.047,rain,0.0,3.1627906976744184
1,Blue Line,2022-01-02,12667.7,43.0,0.229,rain,0.0,4.159090909090909
2,Blue Line,2022-01-03,20020.9,26.9,0.0,snow,0.1,7.166666666666667
3,Blue Line,2022-01-04,22065.4,24.0,0.0,,0.0,7.48936170212766
4,Blue Line,2022-01-05,22097.8,40.9,0.126,rain,0.0,6.978260869565218
5,Blue Line,2022-01-06,23534.8,37.5,0.0,"rain,snow",0.2,7.425531914893617
6,Blue Line,2022-01-07,17046.0,29.7,0.419,"rain,snow",3.4,7.326086956521739
7,Blue Line,2022-01-08,15688.6,22.4,0.0,,0.0,4.956521739130435
8,Blue Line,2022-01-09,12523.6,35.0,0.012,rain,0.0,4.148936170212766
9,Blue Line,2022-01-10,21676.6,29.5,0.0,,0.0,6.914893617021277
10,Blue Line,2022-01-11,17087.5,12.8,0.0,snow,0.0,7.5777777777777775
11,Blue Line,2022-01-12,22635.9,27.8,0.0,,0.0,7.4
12,Blue Line,2022-01-13,24743.1,36.4,0.0,,0.0,7.488888888888889
13,Blue Line,2022-01-14,24531.5,34.5,0.0,,0.0,7.511627906976744
14,Blue Line,2022-01-15,13777.5,9.8,0.0,,0.0,5.0
15,Blue Line,2022-01-16,12778.1,16.6,0.0,,0.0,4.142857142857143
16,Blue Line,2022-01-17,15454.1,40.3,0.744,rain,0.0,4.7555555555555555
17,Blue Line,2022-01-18,24006.6,28.3,0.0,,0.0,7.170212765957447
18,Blue Line,2022-01-19,23994.5,33.6,0.0,,0.0,7.4375
19,Blue Line,2022-01-20,23076.7,33.9,0.15,rain,0.2,7.454545454545454
20,Blue Line,2022-01-21,23674.899999999998,16.1,0.0,,0.0,7.5777777777777775
21,Blue Line,2022-01-22,16686.5,19.0,0.0,,0.0,4.911111111111111
22,Blue Line,2022-01-23,13086.9,27.3,0.0,,0.0,4.093023255813954
23,Blue Line,2022-01-24,23015.1,27.1,0.011,snow,0.0,7.363636363636363
24,Blue Line,2022-01-25,24788.2,33.3,0.061,"rain,snow",0.2,7.478260869565218
25,Blue Line,2022-01-26,24499.3,21.6,0.0,,0.0,7.369565217391305
26,Blue Line,2022-01-27,24949.5,18.0,0.0,,0.0,7.711111111111111
27,Blue Line,2022-01-28,26496.9,30.6,0.0,,0.0,7.446808510638298
28,Blue Line,2022-01-29,3728.2,19.2,0.454,"rain,snow",0.9,4.5625
29,Blue Line,2022-01-30,4594.4,16.6,0.0,snow,0.2,2.404255319148936
30,Blue Line,2022-01-31,22847.4,21.8,0.0,,0.0,6.5777777777777775
31,Blue Line,2022-02-01,25676.8,27.4,0.0,,0.0,7.622222222222222
32,Blue Line,2022-02-02,26646.600000000002,35.8,0.0,,0.0,7.191489361702128
33,Blue Line,2022-02-03,26373.3,40.3,0.118,rain,0.0,7.395833333333333
34,Blue Line,2022-02-04,20073.1,30.9,1.696,"rain,snow",0.0,7.444444444444445
35,Blue Line,2022-02-05,17554.4,21.3,0.145,snow,0.0,5.088888888888889
36,Blue Line,2022-02-06,12807.3,19.1,0.0,,0.0,4.177777777777778
37,Blue Line,2022-02-07,24914.8,31.8,0.273,"rain,snow",0.0,7.23404255319149
38,Blue Line,2022-02-08,26689.0,38.1,0.624,rain,0.0,7.382978723404255
39,Blue Line,2022-02-09,27555.8,35.2,0.0,,0.0,7.456521739130435
40,Blue Line,2022-02-10,28332.6,40.1,0.0,,0.0,7.404255319148936
41,Blue Line,2022-02-11,29222.6,41.4,0.0,,0.0,7.3125
42,Blue Line,2022-02-12,21424.7,49.8,0.0,,0.0,4.956521739130435
43,Blue Line,2022-02-13,13310.1,29.8,0.22,"rain,snow",0.4,4.111111111111111
44,Blue Line,2022-02-14,25173.2,19.6,0.023,snow,0.8,7.177777777777778
45,Blue Line,2022-02-15,25498.3,19.1,0.0,,0.0,7.531914893617022
46,Blue Line,2022-02-16,25514.4,31.3,0.0,,0.0,7.543478260869565
47,Blue Line,2022-02-17,27816.0,53.3,0.0,,0.0,7.444444444444445
48,Blue Line,2022-02-18,27934.0,45.4,0.336,rain,0.0,7.533333333333333
49,Blue Line,2022-02-19,19947.7,28.0,0.0,,0.0,4.977777777777778
50,Blue Line,2022-02-20,14926.8,25.0,0.0,,0.0,4.116279069767442
51,Blue Line,2022-02-21,20452.3,40.4,0.0,,0.0,4.7555555555555555
52,Blue Line,2022-02-22,26394.5,41.4,0.337,rain,0.0,7.0212765957446805
53,Blue Line,2022-02-23,28855.6,54.5,0.02,rain,0.0,7.382978723404255
54,Blue Line,2022-02-24,27765.9,27.0,0.0,,0.0,7.391304347826087
55,Blue Line,2022-02-25,16126.5,26.8,0.633,"rain,snow",0.3,7.622222222222222
56,Blue Line,2022-02-26,18581.3,23.1,0.0,snow,0.1,5.021739130434782
57,Blue Line,2022-02-27,14326.4,30.8,0.0,,0.0,4.130434782608695
58,Blue Line,2022-02-28,26068.4,23.4,0.0,,0.0,7.25531914893617
59,Blue Line,2022-03-01,28205.0,29.1,0.063,rain,0.0,7.395833333333333
60,Blue Line,2022-03-02,27699.0,39.1,0.031,rain,0.0,7.375
61,Blue Line,2022-03-03,29529.3,33.3,0.162,rain,0.0,7.291666666666667
62,Blue Line,2022-03-04,28901.9,25.6,0.0,,0.0,7.478260869565218
63,Blue Line,2022-03-05,20991.6,33.9,0.0,,0.0,4.933333333333334
64,Blue Line,2022-03-06,15838.8,51.0,0.012,rain,0.0,4.113636363636363
65,Blue Line,2022-03-07,27235.0,55.5,0.229,rain,0.0,7.170212765957447
66,Blue Line,2022-03-08,29680.9,40.9,0.096,rain,0.0,7.382978723404255
67,Blue Line,2022-03-09,28040.1,34.7,0.252,"rain,snow",0.0,7.444444444444445
68,Blue Line,2022-03-10,30905.8,39.3,0.0,,0.0,7.444444444444445
69,Blue Line,2022-03-11,30634.7,41.3,0.0,,0.0,7.511111111111111
70,Blue Line,2022-03-12,18246.4,37.5,0.36,"rain,snow",0.0,4.956521739130435
71,Blue Line,2022-03-13,15624.6,28.5,0.0,,0.0,4.416666666666667
72,Blue Line,2022-03-14,28079.6,40.4,0.0,,0.0,7.326086956521739
73,Blue Line,2022-03-15,30072.0,47.0,0.0,,0.0,7.425531914893617
74,Blue Line,2022-03-16,28918.0,43.1,0.02,rain,0.0,7.208333333333333
75,Blue Line,2022-03-17,29471.9,43.8,0.036,rain,0.0,7.446808510638298
76,Blue Line,2022-03-18,29960.7,55.2,0.0,,0.0,6.869565217391305
77,Blue Line,2022-03-19,19451.9,47.8,0.147,rain,0.0,4.844444444444444
78,Blue Line,2022-03-20,19230.6,52.4,0.065,rain,0.0,4.909090909090909
79,Blue Line,2022-03-21,28026.6,49.7,0.0,,0.0,7.355555555555555
80,Blue Line,2022-03-22,29817.6,43.7,0.0,,0.0,7.217391304347826
81,Blue Line,2022-03-23,30787.8,38.8,0.0,,0.0,7.511111111111111
82,Blue Line,2022-03-24,28390.1,41.0,0.535,rain,0.0,7.468085106382978
83,Blue Line,2022-03-25,31635.3,47.5,0.469,rain,0.0,7.395833333333333
84,Blue Line,2022-03-26,22843.9,48.6,0.321,rain,0.0,4.829787234042553
85,Blue Line,2022-03-27,17160.6,43.3,0.0,,0.0,4.191489361702128
86,Blue Line,2022-03-28,26628.4,28.4,0.011,snow,0.0,7.304347826086956
87,Blue Line,2022-03-29,29155.399999999998,28.8,0.0,,0.0,7.4222222222222225
88,Blue Line,2022-03-30,30258.0,38.8,0.0,,0.0,7.5227272727272725
89,Blue Line,2022-03-31,30567.3,53.4,0.011,rain,0.0,7.488888888888889
90,Blue Line,2022-04-01,30682.0,54.1,0.543,rain,0.0,7.5
91,Blue Line,2022-04-02,22861.4,45.4,0.0,,0.0,4.840909090909091
92,Blue Line,2022-04-03,15940.3,42.5,0.0,,0.0,4.159090909090909
93,Blue Line,2022-04-04,28581.3,46.9,0.011,rain,0.0,7.444444444444445
94,Blue Line,2022-04-05,30766.9,49.8,0.0,,0.0,7.361702127659575
95,Blue Line,2022-04-06,29250.0,45.0,0.114,rain,0.0,7.468085106382978
96,Blue Line,2022-04-07,30341.5,44.5,0.0,,0.0,7.444444444444445
97,Blue Line,2022-04-08,31374.6,53.9,0.174,rain,0.0,7.446808510638298
98,Blue Line,2022-04-09,22614.8,49.4,0.113,rain,0.0,4.866666666666666
99,Blue Line,2022-04-10,17635.6,47.5,0.0,,0.0,4.113636363636363
100,Blue Line,2022-04-11,29641.1,50.8,0.0,,0.0,7.1875
101,Blue Line,2022-04-12,29471.3,57.5,0.032,rain,0.0,7.361702127659575
102,Blue Line,2022-04-13,31718.5,59.7,0.0,,0.0,7.425531914893617
103,Blue Line,2022-04-14,30159.0,48.1,0.168,rain,0.0,7.456521739130435
104,Blue Line,2022-04-15,32188.6,56.6,0.061,rain,0.0,7.478260869565218
105,Blue Line,2022-04-16,26067.0,58.2,0.13,rain,0.0,4.840909090909091
106,Blue Line,2022-04-17,19380.7,45.3,0.243,rain,0.0,4.190476190476191
107,Blue Line,2022-04-18,29056.5,45.0,0.0,,0.0,7.933333333333334
108,Blue Line,2022-04-19,30491.6,48.5,0.479,rain,0.0,7.478260869565218
109,Blue Line,2022-04-20,32422.0,48.8,0.0,,0.0,7.466666666666667
110,Blue Line,2022-04-21,31253.3,50.5,0.0,,0.0,7.4
111,Blue Line,2022-04-22,31799.1,57.0,0.0,,0.0,7.468085106382978
112,Blue Line,2022-04-23,24002.8,51.1,0.0,,0.0,4.891304347826087
113,Blue Line,2022-04-24,16499.4,46.8,0.0,,0.0,4.181818181818182
114,Blue Line,2022-04-25,16646.6,48.7,0.0,,0.0,4.872340425531915
115,Blue Line,2022-04-26,14570.2,49.8,0.116,rain,0.0,4.434782608695652
116,Blue Line,2022-04-27,12116.4,51.9,0.204,rain,0.0,4.217391304347826
117,Blue Line,2022-04-28,11606.6,45.8,0.0,,0.0,4.1521739130434785
118,Blue Line,2022-04-29,11493.7,47.4,0.0,,0.0,4.217391304347826
119,Blue Line,2022-04-30,8333.7,47.1,0.0,,0.0,3.217391304347826
120,Blue Line,2022-05-01,6348.2,53.4,0.0,,0.0,3.152173913043478
121,Blue Line,2022-05-02,10239.5,49.8,0.134,rain,0.0,4.217391304347826
122,Blue Line,2022-05-03,11556.5,48.4,0.122,rain,0.0,4.1875
123,Blue Line,2022-05-04,10782.1,49.8,0.091,rain,0.0,4.133333333333334
124,Blue Line,2022-05-05,11632.4,58.2,0.0,,0.0,4.155555555555556
125,Blue Line,2022-05-06,11330.8,55.9,0.0,,0.0,4.133333333333334
126,Blue Line,2022-05-07,7960.3,49.0,0.0,,0.0,3.25
127,Blue Line,2022-05-08,5929.6,47.9,0.0,,0.0,3.227272727272727
128,Blue Line,2022-05-09,11042.1,49.1,0.0,,0.0,4.065217391304348
129,Blue Line,2022-05-10,11553.0,51.8,0.0,,0.0,4.177777777777778
130,Blue Line,2022-05-11,11314.7,51.2,0.0,,0.0,4.23404255319149
131,Blue Line,2022-05-12,11017.3,54.4,0.0,,0.0,4.177777777777778
132,Blue Line,2022-05-13,11143.6,61.8,0.0,,0.0,4.222222222222222
133,Blue Line,2022-05-14,8548.1,74.1,0.0,,0.0,3.3260869565217392
134,Blue Line,2022-05-15,6306.3,69.5,0.011,rain,0.0,3.1555555555555554
135,Blue Line,2022-05-16,10656.0,66.3,0.081,rain,0.0,4.173913043478261
136,Blue Line,2022-05-17,11249.9,65.1,0.011,rain,0.0,4.113636363636363
137,Blue Line,2022-05-18,27372.3,61.9,0.0,,0.0,7.1521739130434785
138,Blue Line,2022-05-19,30023.0,57.4,0.011,rain,0.0,7.5777777777777775
139,Blue Line,2022-05-20,31999.2,57.2,0.0,,0.0,7.446808510638298
140,Blue Line,2022-05-21,26714.3,60.8,0.023,rain,0.0,4.934782608695652
141,Blue Line,2022-05-22,18300.6,69.9,0.089,rain,0.0,3.3333333333333335
142,Blue Line,2022-05-23,25992.6,64.5,0.0,,0.0,3.851063829787234
143,Blue Line,2022-05-24,27789.6,56.3,0.0,,0.0,3.8085106382978724
144,Blue Line,2022-05-25,28736.5,58.3,0.0,,0.0,3.8222222222222224
145,Blue Line,2022-05-26,29151.6,61.2,0.0,,0.0,3.8333333333333335
146,Blue Line,2022-05-27,30032.1,69.8,0.0,,0.0,3.7954545454545454
147,Blue Line,2022-05-28,20966.4,68.5,0.714,rain,0.0,3.347826086956522
148,Blue Line,2022-05-29,20683.2,66.5,0.0,,0.0,3.0714285714285716
149,Blue Line,2022-05-30,19549.5,74.9,0.0,,0.0,3.13953488372093
150,Blue Line,2022-05-31,28370.3,65.4,0.006,rain,0.0,3.8
151,Blue Line,2022-06-01,28365.0,56.7,0.09,rain,0.0,3.869565217391304
152,Blue Line,2022-06-02,28994.1,57.7,0.097,rain,0.0,3.8666666666666667
153,Blue Line,2022-06-03,28052.8,56.6,0.015,rain,0.0,3.8181818181818183
154,Blue Line,2022-06-04,22203.9,61.1,0.0,,0.0,3.340909090909091
155,Blue Line,2022-06-05,17974.0,66.2,0.0,,0.0,3.1627906976744184
156,Blue Line,2022-06-06,27978.899999999998,67.1,0.0,,0.0,3.8260869565217392
157,Blue Line,2022-06-07,30740.9,70.3,0.0,,0.0,3.875
158,Blue Line,2022-06-08,26091.8,71.6,0.241,rain,0.0,3.5652173913043477
159,Blue Line,2022-06-09,30616.9,70.5,0.843,rain,0.0,7.217391304347826
160,Blue Line,2022-06-10,34428.3,69.8,0.0,,0.0,7.468085106382978
161,Blue Line,2022-06-11,26668.7,70.6,0.0,,0.0,4.866666666666666
162,Blue Line,2022-06-12,20907.4,69.1,0.0,,0.0,4.181818181818182
163,Blue Line,2022-06-13,30017.0,73.3,0.094,rain,0.0,7.297872340425532
164,Blue Line,2022-06-14,34386.9,73.0,0.0,,0.0,7.458333333333333
165,Blue Line,2022-06-15,34638.6,65.8,0.0,,0.0,7.458333333333333
166,Blue Line,2022-06-16,35087.3,65.9,0.0,,0.0,7.468085106382978
167,Blue Line,2022-06-17,33898.1,75.4,0.003,rain,0.0,7.375
168,Blue Line,2022-06-18,26275.3,66.5,0.0,,0.0,4.822222222222222
169,Blue Line,2022-06-19,18460.1,56.2,0.311,rain,0.0,4.928571428571429
170,Blue Line,2022-06-20,27467.8,63.0,0.0,,0.0,6.2444444444444445
171,Blue Line,2022-06-21,33345.4,63.1,0.0,,0.0,6.066666666666666
172,Blue Line,2022-06-22,32456.8,61.7,0.0,,0.0,6.0638297872340425
173,Blue Line,2022-06-23,31473.2,63.1,0.0,,0.0,6.022222222222222
174,Blue Line,2022-06-24,32050.3,68.0,0.0,,0.0,6.042553191489362
175,Blue Line,2022-06-25,25874.2,75.4,0.0,,0.0,4.7555555555555555
176,Blue Line,2022-06-26,19855.3,77.8,0.0,,0.0,4.181818181818182
177,Blue Line,2022-06-27,26592.4,72.0,0.654,rain,0.0,6.108695652173913
178,Blue Line,2022-06-28,33022.2,69.5,0.0,,0.0,6.041666666666667
179,Blue Line,2022-06-29,32711.100000000002,71.7,0.001,rain,0.0,6.020833333333333
180,Blue Line,2022-06-30,33678.7,72.6,0.0,,0.0,6.0212765957446805
181,Blue Line,2022-07-01,31653.3,78.7,0.0,,0.0,6.1063829787234045
182,Blue Line,2022-07-02,22664.4,77.1,0.193,rain,0.0,4.739130434782608
183,Blue Line,2022-07-03,19999.1,77.4,0.0,,0.0,4.142857142857143
184,Blue Line,2022-07-04,20223.0,76.2,0.0,,0.0,6.217391304347826
185,Blue Line,2022-07-05,27231.9,71.8,0.034,rain,0.0,6.844444444444444
186,Blue Line,2022-07-06,31777.2,75.1,0.025,rain,0.0,5.957446808510638
187,Blue Line,2022-07-07,32417.3,71.0,0.0,,0.0,6.108695652173913
188,Blue Line,2022-07-08,32242.0,74.2,0.0,,0.0,5.955555555555556
189,Blue Line,2022-07-09,24763.9,71.2,0.0,,0.0,4.76595744680851
190,Blue Line,2022-07-10,22525.0,69.3,0.0,,0.0,4.177777777777778
191,Blue Line,2022-07-11,29325.6,74.0,0.0,,0.0,5.875
192,Blue Line,2022-07-12,32163.3,77.0,0.001,rain,0.0,5.979166666666667
193,Blue Line,2022-07-13,33918.7,75.8,0.012,rain,0.0,6.0
194,Blue Line,2022-07-14,32745.5,72.1,0.165,rain,0.0,5.891304347826087
195,Blue Line,2022-07-15,34088.4,73.3,0.0,,0.0,5.978260869565218
196,Blue Line,2022-07-16,27767.9,75.4,0.0,,0.0,4.7727272727272725
197,Blue Line,2022-07-17,22258.2,76.9,0.0,,0.0,4.181818181818182
198,Blue Line,2022-07-18,29203.1,75.2,0.149,rain,0.0,5.934782608695652
199,Blue Line,2022-07-19,33424.6,82.5,0.023,rain,0.0,5.173913043478261
200,Blue Line,2022-07-20,33431.7,83.8,0.0,,0.0,5.630434782608695
201,Blue Line,2022-07-21,31721.5,82.5,0.0,,0.0,5.456521739130435
202,Blue Line,2022-07-22,33515.5,84.6,0.0,,0.0,5.795454545454546
203,Blue Line,2022-07-23,30312.3,84.1,0.0,,0.0,5.386363636363637
204,Blue Line,2022-07-24,22245.0,86.9,0.0,,0.0,4.558139534883721
205,Blue Line,2022-07-25,27921.4,84.0,0.0,,0.0,5.681818181818182
206,Blue Line,2022-07-26,32344.3,76.8,0.0,,0.0,5.4
207,Blue Line,2022-07-27,31867.4,72.6,0.0,,0.0,5.195652173913044
208,Blue Line,2022-07-28,31786.7,77.3,0.043,rain,0.0,5.733333333333333
209,Blue Line,2022-07-29,32670.9,82.5,0.0,,0.0,5.5777777777777775
210,Blue Line,2022-07-30,27239.6,80.6,0.0,,0.0,4.75
211,Blue Line,2022-07-31,21402.7,77.0,0.0,,0.0,4.181818181818182
212,Blue Line,2022-08-01,29577.7,75.9,0.012,rain,0.0,5.822222222222222
213,Blue Line,2022-08-02,31414.7,79.6,0.0,,0.0,5.608695652173913
214,Blue Line,2022-08-03,32587.5,76.2,0.0,,0.0,5.595744680851064
215,Blue Line,2022-08-04,31526.0,83.0,0.0,,0.0,5.863636363636363
216,Blue Line,2022-08-05,29103.3,80.7,0.064,rain,0.0,5.627906976744186
217,Blue Line,2022-08-06,25388.8,83.1,0.004,rain,0.0,4.8
218,Blue Line,2022-08-07,19690.5,85.2,0.037,rain,0.0,4.190476190476191
219,Blue Line,2022-08-08,28910.9,86.0,0.0,,0.0,5.826086956521739
220,Blue Line,2022-08-09,30436.2,83.1,0.159,rain,0.0,5.391304347826087
221,Blue Line,2022-08-10,32870.5,68.0,0.0,,0.0,5.456521739130435
222,Blue Line,2022-08-11,32174.4,70.6,0.0,,0.0,5.454545454545454
223,Blue Line,2022-08-12,31767.5,72.4,0.0,,0.0,5.2
224,Blue Line,2022-08-13,27950.1,67.6,0.0,,0.0,4.733333333333333
225,Blue Line,2022-08-14,22316.2,71.2,0.0,,0.0,4.116279069767442
226,Blue Line,2022-08-15,28536.8,70.1,0.0,,0.0,5.533333333333333
227,Blue Line,2022-08-16,31517.1,70.5,0.0,,0.0,5.444444444444445
228,Blue Line,2022-08-17,30875.600000000002,70.5,0.012,rain,0.0,5.304347826086956
229,Blue Line,2022-08-18,32696.8,74.1,0.0,,0.0,5.3478260869565215
230,Blue Line,2022-08-19,32504.7,80.7,0.0,,0.0,5.377777777777778
231,Blue Line,2022-08-20,27313.1,78.5,0.0,,0.0,4.7727272727272725
232,Blue Line,2022-08-21,22836.3,77.4,0.0,,0.0,4.136363636363637
233,Blue Line,2022-08-22,29428.8,69.5,0.441,rain,0.0,5.574468085106383
234,Blue Line,2022-08-23,35076.0,70.1,0.028,rain,0.0,5.444444444444445
235,Blue Line,2022-08-24,36857.6,72.6,0.0,,0.0,5.837209302325581
236,Blue Line,2022-08-25,36976.9,77.2,0.0,,0.0,5.431818181818182
237,Blue Line,2022-08-26,33447.3,76.4,0.405,rain,0.0,5.844444444444444
238,Blue Line,2022-08-27,29814.0,71.4,0.0,,0.0,4.733333333333333
239,Blue Line,2022-08-28,23792.8,70.9,0.0,,0.0,4.214285714285714
240,Blue Line,2022-08-29,33311.7,75.8,0.0,,0.0,5.822222222222222
241,Blue Line,2022-08-30,35089.9,79.6,0.0,,0.0,5.76595744680851
242,Blue Line,2022-08-31,34213.5,77.0,0.329,rain,0.0,5.782608695652174
243,Blue Line,2022-09-01,37420.9,72.8,0.0,,0.0,5.822222222222222
244,Blue Line,2022-09-02,38222.8,63.7,0.0,,0.0,5.863636363636363
245,Blue Line,2022-09-03,30323.5,66.9,0.0,,0.0,4.688888888888889
246,Blue Line,2022-09-04,24662.5,72.7,0.0,,0.0,4.119047619047619
247,Blue Line,2022-09-05,20252.5,68.5,0.387,rain,0.0,4.209302325581396
248,Blue Line,2022-09-06,34803.6,63.9,0.654,rain,0.0,5.638297872340425
249,Blue Line,2022-09-07,40108.6,65.4,0.0,,0.0,5.695652173913044
250,Blue Line,2022-09-08,42057.6,64.6,0.0,,0.0,5.886363636363637
251,Blue Line,2022-09-09,40139.4,66.3,0.0,,0.0,5.409090909090909
252,Blue Line,2022-09-10,32223.3,72.3,0.0,,0.0,4.777777777777778
253,Blue Line,2022-09-11,23317.9,73.6,0.0,,0.0,4.1395348837209305
254,Blue Line,2022-09-12,37414.2,70.3,0.0,,0.0,5.688888888888889
255,Blue Line,2022-09-13,38355.4,69.8,0.153,rain,0.0,6.065217391304348
256,Blue Line,2022-09-14,41292.2,71.6,0.0,,0.0,5.777777777777778
257,Blue Line,2022-09-15,41562.9,65.5,0.0,,0.0,5.568181818181818
258,Blue Line,2022-09-16,40457.3,62.9,0.0,,0.0,5.630434782608695
259,Blue Line,2022-09-17,32644.4,60.3,0.0,,0.0,4.790697674418604
260,Blue Line,2022-09-18,25330.0,72.0,0.0,,0.0,4.222222222222222
261,Blue Line,2022-09-19,32156.7,63.7,0.385,rain,0.0,5.7555555555555555
262,Blue Line,2022-09-20,34219.8,60.4,0.011,rain,0.0,5.7555555555555555
263,Blue Line,2022-09-21,35560.6,62.1,0.001,rain,0.0,5.818181818181818
264,Blue Line,2022-09-22,32323.2,64.3,0.743,rain,0.0,5.8
265,Blue Line,2022-09-23,35337.5,54.4,0.0,,0.0,5.782608695652174
266,Blue Line,2022-09-24,28130.3,57.8,0.0,,0.0,4.704545454545454
267,Blue Line,2022-09-25,20891.1,61.1,0.0,,0.0,4.1395348837209305
268,Blue Line,2022-09-26,33773.7,65.5,0.269,rain,0.0,5.8478260869565215
269,Blue Line,2022-09-27,36236.3,65.3,0.0,,0.0,5.911111111111111
270,Blue Line,2022-09-28,36812.7,62.9,0.0,,0.0,5.565217391304348
271,Blue Line,2022-09-29,36114.1,58.0,0.0,,0.0,5.8
272,Blue Line,2022-09-30,35147.5,53.8,0.0,,0.0,5.822222222222222
273,Blue Line,2022-10-01,25516.5,55.0,0.024,rain,0.0,4.7555555555555555
274,Blue Line,2022-10-02,20809.0,55.0,0.0,,0.0,4.133333333333334
275,Blue Line,2022-10-03,32766.0,53.4,0.0,,0.0,5.733333333333333
276,Blue Line,2022-10-04,34561.8,55.1,0.247,rain,0.0,5.630434782608695
277,Blue Line,2022-10-05,33761.2,56.4,0.65,rain,0.0,5.7555555555555555
278,Blue Line,2022-10-06,37406.0,62.3,0.118,rain,0.0,5.863636363636363
279,Blue Line,2022-10-07,36906.3,66.0,0.0,,0.0,5.866666666666666
280,Blue Line,2022-10-08,28075.8,54.6,0.012,rain,0.0,4.804347826086956
281,Blue Line,2022-10-09,22274.3,53.0,0.0,,0.0,4.1395348837209305
282,Blue Line,2022-10-10,25896.3,55.5,0.031,rain,0.0,5.804347826086956
283,Blue Line,2022-10-11,36345.6,56.6,0.0,,0.0,5.729166666666667
284,Blue Line,2022-10-12,36665.3,61.7,0.0,,0.0,5.1063829787234045
285,Blue Line,2022-10-13,35530.2,61.7,0.892,rain,0.0,5.739130434782608
286,Blue Line,2022-10-14,34395.1,63.8,1.313,rain,0.0,5.782608695652174
287,Blue Line,2022-10-15,29927.3,59.9,0.0,,0.0,4.760869565217392
288,Blue Line,2022-10-16,22853.4,57.8,0.0,,0.0,4.209302325581396
289,Blue Line,2022-10-17,32685.5,55.7,0.253,rain,0.0,5.74468085106383
290,Blue Line,2022-10-18,35469.3,61.0,0.189,rain,0.0,5.304347826086956
291,Blue Line,2022-10-19,36037.7,50.7,0.0,,0.0,5.808510638297872
292,Blue Line,2022-10-20,37046.5,49.9,0.0,,0.0,5.446808510638298
293,Blue Line,2022-10-21,36342.7,53.1,0.0,,0.0,5.866666666666666
294,Blue Line,2022-10-22,29639.7,56.7,0.0,,0.0,4.74468085106383
295,Blue Line,2022-10-23,20639.2,54.2,0.078,rain,0.0,4.159090909090909
296,Blue Line,2022-10-24,32361.1,56.1,0.101,rain,0.0,5.3478260869565215
297,Blue Line,2022-10-25,35447.0,59.1,0.056,rain,0.0,5.695652173913044
298,Blue Line,2022-10-26,34427.5,60.5,0.355,rain,0.0,5.553191489361702
299,Blue Line,2022-10-27,37176.0,61.4,0.0,,0.0,5.48936170212766
300,Blue Line,2022-10-28,36042.2,46.8,0.0,,0.0,5.533333333333333
301,Blue Line,2022-10-29,28113.8,47.8,0.0,,0.0,4.782608695652174
302,Blue Line,2022-10-30,22231.3,50.2,0.0,,0.0,4.159090909090909
303,Blue Line,2022-10-31,33639.6,56.4,0.0,,0.0,5.291666666666667
304,Blue Line,2022-11-01,34330.9,60.9,0.04,rain,0.0,5.354166666666667
305,Blue Line,2022-11-02,34874.8,59.0,0.0,,0.0,5.282608695652174
306,Blue Line,2022-11-03,36733.7,54.0,0.0,,0.0,5.782608695652174
307,Blue Line,2022-11-04,36341.6,59.9,0.0,,0.0,5.333333333333333
308,Blue Line,2022-11-05,30624.1,65.6,0.0,,0.0,4.711111111111111
309,Blue Line,2022-11-06,22833.8,69.6,0.0,,0.0,3.8958333333333335
310,Blue Line,2022-11-07,33428.9,67.9,0.001,rain,0.0,5.288888888888889
311,Blue Line,2022-11-08,33955.6,49.4,0.0,,0.0,5.565217391304348
312,Blue Line,2022-11-09,34887.0,43.0,0.0,,0.0,5.521739130434782
313,Blue Line,2022-11-10,34980.3,55.6,0.0,,0.0,5.282608695652174
314,Blue Line,2022-11-11,30765.2,62.6,0.324,rain,0.0,5.446808510638298
315,Blue Line,2022-11-12,28055.3,67.5,0.136,rain,0.0,4.739130434782608
316,Blue Line,2022-11-13,18557.7,50.9,0.114,rain,0.0,4.130434782608695
317,Blue Line,2022-11-14,31611.7,39.9,0.0,,0.0,5.555555555555555
318,Blue Line,2022-11-15,32771.4,38.0,0.001,rain,0.0,5.130434782608695
319,Blue Line,2022-11-16,30939.2,46.6,0.765,rain,0.0,5.083333333333333
320,Blue Line,2022-11-17,33365.2,41.0,0.0,,0.0,5.375
321,Blue Line,2022-11-18,33508.9,38.5,0.0,,0.0,5.145833333333333
322,Blue Line,2022-11-19,25826.7,36.9,0.0,,0.0,4.708333333333333
323,Blue Line,2022-11-20,17953.0,33.7,0.0,,0.0,4.145833333333333
324,Blue Line,2022-11-21,30299.0,32.7,0.0,,0.0,5.354166666666667
325,Blue Line,2022-11-22,32296.5,41.4,0.0,,0.0,5.361702127659575
326,Blue Line,2022-11-23,30301.1,44.0,0.0,,0.0,5.458333333333333
327,Blue Line,2022-11-24,10982.6,39.1,0.0,,0.0,4.170212765957447
328,Blue Line,2022-11-25,24284.7,47.0,0.012,rain,0.0,5.354166666666667
329,Blue Line,2022-11-26,23810.0,45.6,0.0,,0.0,4.680851063829787
330,Blue Line,2022-11-27,18843.7,49.3,0.563,rain,0.0,4.130434782608695
331,Blue Line,2022-11-28,32323.6,49.8,0.077,rain,0.0,5.3125
332,Blue Line,2022-11-29,33181.4,38.5,0.0,,0.0,5.25
333,Blue Line,2022-11-30,32436.2,49.0,0.668,rain,0.0,5.583333333333333
334,Blue Line,2022-12-01,33891.0,39.9,0.0,,0.0,5.479166666666667
335,Blue Line,2022-12-02,32988.8,39.3,0.0,,0.0,5.5777777777777775
336,Blue Line,2022-12-03,22473.8,50.3,0.163,rain,0.0,4.739130434782608
337,Blue Line,2022-12-04,18913.899999999998,39.7,0.0,,0.0,3.4782608695652173
338,Blue Line,2022-12-05,31260.7,39.3,0.0,,0.0,5.533333333333333
339,Blue Line,2022-12-06,32215.7,47.5,0.093,rain,0.0,5.541666666666667
340,Blue Line,2022-12-07,32045.0,53.5,0.838,rain,0.0,5.127659574468085
341,Blue Line,2022-12-08,34695.7,48.6,0.0,,0.0,5.108695652173913
342,Blue Line,2022-12-09,31920.5,39.0,0.0,,0.0,5.111111111111111
343,Blue Line,2022-12-10,23672.4,32.7,0.0,,0.0,4.695652173913044
344,Blue Line,2022-12-11,17622.1,28.6,0.038,snow,0.0,4.130434782608695
345,Blue Line,2022-12-12,29187.5,28.4,0.0,snow,0.2,5.355555555555555
346,Blue Line,2022-12-13,31773.399999999998,33.3,0.0,,0.0,5.340425531914893
347,Blue Line,2022-12-14,31386.5,31.2,0.0,,0.0,5.297872340425532
348,Blue Line,2022-12-15,32378.0,39.3,0.02,rain,0.0,5.217391304347826
349,Blue Line,2022-12-16,26684.8,43.3,1.146,rain,0.0,5.311111111111111
350,Blue Line,2022-12-17,24506.0,39.0,0.178,"rain,snow",0.0,4.659090909090909
351,Blue Line,2022-12-18,19186.3,36.4,0.0,,0.0,4.173913043478261
352,Blue Line,2022-12-19,29109.3,35.2,0.0,,0.0,6.446808510638298
353,Blue Line,2022-12-20,30895.0,34.0,0.0,,0.0,6.4
354,Blue Line,2022-12-21,29569.7,32.3,0.0,,0.0,6.391304347826087
355,Blue Line,2022-12-22,28892.7,37.5,0.109,rain,0.0,6.4222222222222225
356,Blue Line,2022-12-23,22155.6,45.9,0.737,rain,0.0,6.311111111111111
357,Blue Line,2022-12-24,14538.6,15.4,0.0,,0.0,4.5777777777777775
358,Blue Line,2022-12-25,7258.2,20.1,0.0,,0.0,4.095238095238095
359,Blue Line,2022-12-26,17056.6,27.2,0.0,,0.0,4.155555555555556
360,Blue Line,2022-12-27,25681.1,30.7,0.0,,0.0,6.311111111111111
361,Blue Line,2022-12-28,25719.1,34.2,0.0,,0.0,6.4
362,Blue Line,2022-12-29,28258.9,41.4,0.0,,0.0,6.266666666666667
363,Blue Line,2022-12-30,28150.9,49.7,0.0,,0.0,6.409090909090909
364,Blue Line,2022-12-31,19701.1,50.0,0.306,rain,0.0,5.369565217391305
365,Blue Line,2023-01-01,15214.4,50.8,0.103,rain,0.0,4.888888888888889
366,Blue Line,2023-01-02,19025.4,43.4,0.0,,0.0,4.181818181818182
367,Blue Line,2023-01-03,25893.5,40.0,0.48,rain,0.0,6.266666666666667
368,Blue Line,2023-01-04,30212.7,42.0,0.282,rain,0.0,6.355555555555555
369,Blue Line,2023-01-05,30162.3,40.8,0.152,rain,0.0,6.3478260869565215
370,Blue Line,2023-01-06,28520.6,34.5,0.195,"rain,snow",0.0,6.369565217391305
371,Blue Line,2023-01-07,23883.2,37.7,0.0,,0.0,4.704545454545454
372,Blue Line,2023-01-08,18184.6,30.4,0.0,,0.0,4.127659574468085
373,Blue Line,2023-01-09,29710.5,35.4,0.0,,0.0,6.23404255319149
374,Blue Line,2023-01-10,31285.6,36.0,0.0,,0.0,6.333333333333333
375,Blue Line,2023-01-11,31609.8,29.1,0.0,,0.0,6.382978723404255
376,Blue Line,2023-01-12,31445.5,36.9,0.168,"rain,snow",0.0,6.288888888888889
377,Blue Line,2023-01-13,30429.8,52.7,0.482,rain,0.0,6.297872340425532
378,Blue Line,2023-01-14,22482.3,34.4,0.064,"rain,snow",0.0,4.739130434782608
379,Blue Line,2023-01-15,17245.0,32.8,0.023,"rain,snow",1.4,4.088888888888889
380,Blue Line,2023-01-16,19194.2,31.9,0.104,"rain,snow",0.9,4.666666666666667
381,Blue Line,2023-01-17,31949.2,40.0,0.012,rain,0.0,6.326086956521739
382,Blue Line,2023-01-18,32481.7,45.3,0.031,rain,0.0,6.3478260869565215
383,Blue Line,2023-01-19,32150.2,38.4,0.412,rain,0.0,6.4
384,Blue Line,2023-01-20,29168.6,34.1,0.661,"rain,snow",0.9,6.431818181818182
385,Blue Line,2023-01-21,22622.4,30.7,0.0,"rain,snow",0.2,4.7555555555555555
386,Blue Line,2023-01-22,17383.9,32.2,0.207,"rain,snow",0.0,4.068181818181818
387,Blue Line,2023-01-23,26774.4,34.4,0.917,"rain,snow",0.3,6.340425531914893
388,Blue Line,2023-01-24,30820.899999999998,34.5,0.0,,0.0,6.361702127659575
389,Blue Line,2023-01-25,31688.1,35.4,0.212,"rain,snow",0.1,6.369565217391305
390,Blue Line,2023-01-26,31760.8,45.2,0.833,rain,0.0,6.4
391,Blue Line,2023-01-27,31388.0,35.5,0.0,,0.0,6.297872340425532
392,Blue Line,2023-01-28,24244.1,40.7,0.0,,0.0,4.739130434782608
393,Blue Line,2023-01-29,16911.0,43.6,0.0,,0.0,4.136363636363637
394,Blue Line,2023-01-30,29704.2,42.2,0.0,,0.0,6.297872340425532
395,Blue Line,2023-01-31,32309.8,33.1,0.044,"rain,snow",0.1,6.333333333333333
396,Blue Line,2023-02-01,32617.8,25.9,0.0,,0.0,6.333333333333333
397,Blue Line,2023-02-02,32446.3,30.9,0.0,,0.0,6.319148936170213
398,Blue Line,2023-02-03,22265.7,18.2,0.0,,0.0,6.4222222222222225
399,Blue Line,2023-02-04,12405.3,3.1,0.0,,0.0,4.872340425531915
400,Blue Line,2023-02-05,16948.5,35.3,0.0,,0.0,4.116279069767442
401,Blue Line,2023-02-06,30600.3,40.3,0.0,,0.0,6.361702127659575
402,Blue Line,2023-02-07,32874.3,29.6,0.03,"rain,snow",0.0,6.355555555555555
403,Blue Line,2023-02-08,34108.3,41.7,0.0,,0.0,6.333333333333333
404,Blue Line,2023-02-09,34704.8,40.8,0.0,,0.0,6.377777777777778
405,Blue Line,2023-02-10,34564.0,47.6,0.0,,0.0,6.282608695652174
406,Blue Line,2023-02-11,25483.0,40.0,0.0,,0.0,4.76595744680851
407,Blue Line,2023-02-12,19848.0,39.8,0.0,,0.0,4.155555555555556
408,Blue Line,2023-02-13,32064.9,39.7,0.0,,0.0,6.333333333333333
409,Blue Line,2023-02-14,35577.3,43.0,0.0,,0.0,6.369565217391305
410,Blue Line,2023-02-15,34807.8,45.4,0.0,,0.0,6.5
411,Blue Line,2023-02-16,35484.9,55.7,0.011,rain,0.0,6.377777777777778
412,Blue Line,2023-02-17,32579.1,46.8,0.074,rain,0.0,6.377777777777778
413,Blue Line,2023-02-18,24834.2,30.9,0.0,,0.0,4.76595744680851
414,Blue Line,2023-02-19,19286.9,39.6,0.0,,0.0,4.093023255813954
415,Blue Line,2023-02-20,25102.4,51.4,0.0,,0.0,4.739130434782608
416,Blue Line,2023-02-21,31612.9,38.8,0.164,"rain,snow",0.7,6.282608695652174
417,Blue Line,2023-02-22,33612.5,39.2,0.159,"rain,snow",0.0,6.333333333333333
418,Blue Line,2023-02-23,27903.0,31.1,0.505,"rain,snow",1.8,6.304347826086956
419,Blue Line,2023-02-24,29870.3,29.5,0.086,"rain,snow",0.0,6.533333333333333
420,Blue Line,2023-02-25,20595.1,17.1,0.011,snow,0.0,4.840909090909091
421,Blue Line,2023-02-26,17456.7,26.9,0.0,,0.0,4.177777777777778
422,Blue Line,2023-02-27,31432.4,29.1,0.0,,0.0,6.386363636363637
423,Blue Line,2023-02-28,25824.4,34.1,0.273,"rain,snow",2.3,6.488888888888889
424,Blue Line,2023-03-01,33959.1,36.8,0.0,,0.0,6.304347826086956
425,Blue Line,2023-03-02,33808.1,40.2,0.572,rain,0.0,6.375
426,Blue Line,2023-03-03,34591.3,38.2,0.0,,0.0,6.291666666666667
427,Blue Line,2023-03-04,20591.6,34.3,0.342,"rain,snow",3.9,4.822222222222222
428,Blue Line,2023-03-05,20324.7,36.8,0.0,,0.0,4.170212765957447
429,Blue Line,2023-03-06,32718.399999999998,41.2,0.0,,0.0,6.319148936170213
430,Blue Line,2023-03-07,34090.9,34.6,0.0,,0.0,6.340425531914893
431,Blue Line,2023-03-08,35390.0,38.1,0.0,,0.0,6.3478260869565215
432,Blue Line,2023-03-09,34009.5,39.7,0.0,,0.0,6.0212765957446805
433,Blue Line,2023-03-10,24171.6,39.4,0.0,,0.0,5.553191489361702
434,Blue Line,2023-03-11,23947.9,37.3,0.062,"rain,snow",0.0,4.888888888888889
435,Blue Line,2023-03-12,20931.2,36.8,0.0,,0.0,4.891304347826087
436,Blue Line,2023-03-13,31276.1,39.3,0.198,rain,0.0,7.395833333333333
437,Blue Line,2023-03-14,23629.1,37.6,2.324,"rain,snow",2.0,6.595744680851064
438,Blue Line,2023-03-15,32337.7,37.6,0.043,"rain,snow",1.0,6.688888888888889
439,Blue Line,2023-03-16,35252.5,42.0,0.0,,0.0,7.021739130434782
440,Blue Line,2023-03-17,35209.3,45.8,0.0,,0.0,7.065217391304348
441,Blue Line,2023-03-18,27508.8,47.4,0.0,,0.0,4.7555555555555555
442,Blue Line,2023-03-19,20387.8,34.9,0.0,,0.0,5.045454545454546
443,Blue Line,2023-03-20,32987.5,39.6,0.0,,0.0,6.804347826086956
444,Blue Line,2023-03-21,36251.6,47.4,0.0,,0.0,6.76595744680851
445,Blue Line,2023-03-22,35324.5,45.3,0.0,,0.0,6.76595744680851
446,Blue Line,2023-03-23,35730.8,52.4,0.0,,0.0,7.0
447,Blue Line,2023-03-24,34896.8,47.7,0.0,,0.0,7.086956521739131
448,Blue Line,2023-03-25,24196.5,38.4,0.044,rain,0.0,4.829787234042553
449,Blue Line,2023-03-26,21439.1,48.4,0.03,rain,0.0,4.777777777777778
450,Blue Line,2023-03-27,32557.0,46.2,0.161,rain,0.0,7.042553191489362
451,Blue Line,2023-03-28,34140.8,40.3,0.394,rain,0.0,6.8125
452,Blue Line,2023-03-29,35682.7,40.2,0.0,,0.0,6.978260869565218
453,Blue Line,2023-03-30,34364.6,37.4,0.0,,0.0,6.8125
454,Blue Line,2023-03-31,33496.4,38.4,0.146,rain,0.0,6.891304347826087
455,Blue Line,2023-04-01,24010.1,48.4,0.325,rain,0.0,4.760869565217392
456,Blue Line,2023-04-02,21001.7,45.4,0.0,,0.0,4.733333333333333
457,Blue Line,2023-04-03,33505.4,42.6,0.0,,0.0,7.044444444444444
458,Blue Line,2023-04-04,35355.5,47.9,0.0,,0.0,6.808510638297872
459,Blue Line,2023-04-05,35835.8,43.3,0.0,,0.0,6.739130434782608
460,Blue Line,2023-04-06,36405.1,43.8,0.008,rain,0.0,6.804347826086956
461,Blue Line,2023-04-07,33949.7,51.4,0.0,,0.0,6.9772727272727275
462,Blue Line,2023-04-08,27206.2,41.8,0.0,,0.0,4.733333333333333
463,Blue Line,2023-04-09,19636.8,42.4,0.0,,0.0,4.75
464,Blue Line,2023-04-10,31841.5,48.6,0.0,,0.0,6.9787234042553195
465,Blue Line,2023-04-11,33394.2,61.9,0.0,,0.0,5.914893617021277
466,Blue Line,2023-04-12,33130.1,65.5,0.0,,0.0,5.891304347826087
467,Blue Line,2023-04-13,25272.0,69.2,0.0,,0.0,4.565217391304348
468,Blue Line,2023-04-14,37901.5,68.3,0.0,,0.0,6.854166666666667
469,Blue Line,2023-04-15,30248.2,51.5,0.0,,0.0,4.8125
470,Blue Line,2023-04-16,23465.6,50.5,0.0,,0.0,4.833333333333333
471,Blue Line,2023-04-17,31668.3,48.8,0.082,rain,0.0,7.4375
472,Blue Line,2023-04-18,36831.2,53.4,0.0,,0.0,6.833333333333333
473,Blue Line,2023-04-19,35944.6,48.7,0.0,,0.0,6.770833333333333
474,Blue Line,2023-04-20,36672.9,48.5,0.0,,0.0,6.916666666666667
475,Blue Line,2023-04-21,33778.0,47.9,0.0,,0.0,7.022222222222222
476,Blue Line,2023-04-22,25782.7,47.9,0.0,,0.0,4.822222222222222
477,Blue Line,2023-04-23,17621.4,49.2,0.726,rain,0.0,4.704545454545454
478,Blue Line,2023-04-24,30997.0,49.8,0.019,rain,0.0,7.065217391304348
479,Blue Line,2023-04-25,33128.2,50.0,0.0,,0.0,6.0212765957446805
480,Blue Line,2023-04-26,33006.8,48.4,0.001,rain,0.0,5.791666666666667
481,Blue Line,2023-04-27,32998.1,50.3,0.043,rain,0.0,5.875
482,Blue Line,2023-04-28,34717.9,50.7,0.0,,0.0,6.1521739130434785
483,Blue Line,2023-04-29,25600.3,49.8,0.015,rain,0.0,4.7555555555555555
484,Blue Line,2023-04-30,17876.1,50.4,1.433,rain,0.0,4.704545454545454
485,Blue Line,2023-05-01,30745.7,57.5,0.323,rain,0.0,6.833333333333333
486,Blue Line,2023-05-02,32065.4,51.6,0.162,rain,0.0,5.5
487,Blue Line,2023-05-03,33318.200000000004,49.6,0.034,rain,0.0,5.791666666666667
488,Blue Line,2023-05-04,32692.0,46.9,0.012,rain,0.0,5.787234042553192
489,Blue Line,2023-05-05,34279.9,49.8,0.019,rain,0.0,6.173913043478261
490,Blue Line,2023-05-06,30319.8,63.9,0.0,,0.0,4.7555555555555555
491,Blue Line,2023-05-07,24569.3,68.9,0.0,,0.0,4.674418604651163
492,Blue Line,2023-05-08,34439.0,66.4,0.012,rain,0.0,6.978260869565218
493,Blue Line,2023-05-09,37093.2,53.6,0.0,,0.0,6.851063829787234
494,Blue Line,2023-05-10,37132.8,61.8,0.0,,0.0,6.978260869565218
495,Blue Line,2023-05-11,36666.3,68.0,0.0,,0.0,7.133333333333334
496,Blue Line,2023-05-12,37574.6,71.7,0.0,,0.0,6.3478260869565215
497,Blue Line,2023-05-13,29609.100000000002,72.7,0.0,,0.0,4.681818181818182
498,Blue Line,2023-05-14,23071.0,59.4,0.0,,0.0,4.782608695652174
499,Blue Line,2023-05-15,34458.7,63.3,0.0,,0.0,7.088888888888889
500,Blue Line,2023-05-16,38199.8,69.7,0.0,,0.0,7.130434782608695
501,Blue Line,2023-05-17,38504.7,54.6,0.0,,0.0,6.695652173913044
502,Blue Line,2023-05-18,38002.6,51.5,0.0,,0.0,6.8478260869565215
503,Blue Line,2023-05-19,37752.4,57.6,0.0,,0.0,6.866666666666666
504,Blue Line,2023-05-20,25032.5,60.1,0.705,rain,0.0,4.804347826086956
505,Blue Line,2023-05-21,26188.0,67.6,1.124,rain,0.0,4.704545454545454
506,Blue Line,2023-05-22,35173.9,57.5,0.0,,0.0,6.914893617021277
507,Blue Line,2023-05-23,37849.7,54.5,0.0,,0.0,6.5777777777777775
508,Blue Line,2023-05-24,37531.7,57.5,0.033,rain,0.0,6.608695652173913
509,Blue Line,2023-05-25,38753.7,57.7,0.0,,0.0,6.777777777777778
510,Blue Line,2023-05-26,36603.6,56.6,0.0,,0.0,6.840909090909091
511,Blue Line,2023-05-27,30098.1,64.2,0.0,,0.0,4.804347826086956
512,Blue Line,2023-05-28,27055.0,73.2,0.0,,0.0,4.6976744186046515
513,Blue Line,2023-05-29,25410.0,62.2,0.0,,0.0,4.795454545454546
514,Blue Line,2023-05-30,37585.7,56.5,0.0,,0.0,7.108695652173913
515,Blue Line,2023-05-31,39559.3,62.0,0.0,,0.0,6.6521739130434785
516,Blue Line,2023-06-01,45857.5,71.6,0.0,,0.0,6.708333333333333
517,Blue Line,2023-06-02,43007.5,71.4,0.373,rain,0.0,6.729166666666667
518,Blue Line,2023-06-03,32789.7,51.7,0.094,rain,0.0,4.833333333333333
519,Blue Line,2023-06-04,25983.4,50.2,0.096,rain,0.0,4.739130434782608
520,Blue Line,2023-06-05,40148.4,55.2,0.084,rain,0.0,6.729166666666667
521,Blue Line,2023-06-06,44344.8,64.4,0.0,,0.0,6.791666666666667
522,Blue Line,2023-06-07,43720.8,61.3,0.0,,0.0,6.375
523,Blue Line,2023-06-08,44162.7,59.3,0.012,rain,0.0,6.75
524,Blue Line,2023-06-09,41843.7,57.9,0.051,rain,0.0,6.645833333333333
525,Blue Line,2023-06-10,36385.8,58.8,0.337,rain,0.0,4.808510638297872
526,Blue Line,2023-06-11,30696.0,66.5,0.0,,0.0,4.760869565217392
527,Blue Line,2023-06-12,42480.6,68.8,0.006,rain,0.0,6.8125
528,Blue Line,2023-06-13,44917.2,64.1,0.003,rain,0.0,5.979166666666667
529,Blue Line,2023-06-14,45211.4,65.2,0.111,rain,0.0,6.666666666666667
530,Blue Line,2023-06-15,45959.8,69.7,0.0,,0.0,6.770833333333333
531,Blue Line,2023-06-16,46262.1,71.8,0.002,rain,0.0,6.520833333333333
532,Blue Line,2023-06-17,29656.0,63.2,0.701,rain,0.0,4.75
533,Blue Line,2023-06-18,31513.4,62.2,0.143,rain,0.0,4.76595744680851
534,Blue Line,2023-06-19,33988.4,62.2,0.0,,0.0,6.833333333333333
535,Blue Line,2023-06-20,44038.0,60.8,0.0,,0.0,6.625
536,Blue Line,2023-06-21,45975.4,61.6,0.0,,0.0,6.583333333333333
537,Blue Line,2023-06-22,44352.6,62.3,0.0,,0.0,6.625
538,Blue Line,2023-06-23,43723.6,66.5,0.0,,0.0,6.659574468085107
539,Blue Line,2023-06-24,34427.9,72.9,0.052,rain,0.0,4.791666666666667
540,Blue Line,2023-06-25,30292.7,76.1,0.019,rain,0.0,4.733333333333333
541,Blue Line,2023-06-26,38800.8,73.5,0.002,rain,0.0,6.770833333333333
542,Blue Line,2023-06-27,43553.9,73.3,0.565,rain,0.0,6.520833333333333
543,Blue Line,2023-06-28,43559.9,72.9,0.604,rain,0.0,6.6875
544,Blue Line,2023-06-29,42332.9,72.4,0.0,,0.0,6.625
545,Blue Line,2023-06-30,41995.6,70.7,0.0,,0.0,6.708333333333333
546,Blue Line,2023-07-01,36013.9,66.6,0.0,,0.0,4.791666666666667
547,Blue Line,2023-07-02,24070.1,69.6,0.326,rain,0.0,4.74468085106383
548,Blue Line,2023-07-03,35297.8,68.7,0.561,rain,0.0,7.854166666666667
549,Blue Line,2023-07-04,27638.9,68.2,0.478,rain,0.0,6.145833333333333
550,Blue Line,2023-07-05,44363.2,75.0,0.0,,0.0,8.125
551,Blue Line,2023-07-06,45334.6,79.1,0.0,,0.0,7.74468085106383
552,Blue Line,2023-07-07,48523.2,77.9,0.0,,0.0,7.708333333333333
553,Blue Line,2023-07-08,42002.1,73.4,0.0,,0.0,4.829787234042553
554,Blue Line,2023-07-09,31677.0,71.8,0.001,rain,0.0,4.711111111111111
555,Blue Line,2023-07-10,40080.1,68.3,0.719,rain,0.0,7.8125
556,Blue Line,2023-07-11,52763.8,77.5,0.0,,0.0,7.604166666666667
557,Blue Line,2023-07-12,44499.9,81.2,0.0,,0.0,7.75
558,Blue Line,2023-07-13,42685.6,78.7,0.0,,0.0,7.583333333333333
559,Blue Line,2023-07-14,43446.8,74.8,0.127,rain,0.0,7.886363636363637
560,Blue Line,2023-07-15,39084.1,78.1,0.0,,0.0,4.826086956521739
561,Blue Line,2023-07-16,22705.9,75.9,1.674,rain,0.0,4.711111111111111
562,Blue Line,2023-07-17,44570.9,80.6,0.0,,0.0,6.958333333333333
563,Blue Line,2023-07-18,46561.5,77.9,0.003,rain,0.0,7.354166666666667
564,Blue Line,2023-07-19,49002.7,79.1,0.0,,0.0,7.729166666666667
565,Blue Line,2023-07-20,49903.4,74.4,0.0,,0.0,7.75
566,Blue Line,2023-07-21,45991.1,69.6,1.225,rain,0.0,7.808510638297872
567,Blue Line,2023-07-22,37640.8,70.9,0.021,rain,0.0,4.804347826086956
568,Blue Line,2023-07-23,32340.2,76.1,0.0,,0.0,4.74468085106383
569,Blue Line,2023-07-24,43154.2,77.6,0.0,,0.0,7.854166666666667
570,Blue Line,2023-07-25,45369.0,74.0,0.543,rain,0.0,7.5
571,Blue Line,2023-07-26,48131.5,78.0,0.0,,0.0,7.645833333333333
572,Blue Line,2023-07-27,44114.3,78.7,0.23,rain,0.0,7.729166666666667
573,Blue Line,2023-07-28,46866.0,80.7,0.0,,0.0,7.604166666666667
574,Blue Line,2023-07-29,33323.8,76.9,1.729,rain,0.0,4.854166666666667
575,Blue Line,2023-07-30,41459.1,69.8,0.001,rain,0.0,4.74468085106383
576,Blue Line,2023-07-31,42504.7,73.0,0.0,,0.0,7.854166666666667
577,Blue Line,2023-08-01,45384.8,70.9,0.0,,0.0,7.617021276595745
578,Blue Line,2023-08-02,47684.1,66.8,0.0,,0.0,7.125
579,Blue Line,2023-08-03,49041.2,70.5,0.0,,0.0,7.520833333333333
580,Blue Line,2023-08-04,47773.9,71.8,0.0,,0.0,7.6875
581,Blue Line,2023-08-05,43535.1,71.4,0.0,,0.0,4.826086956521739
582,Blue Line,2023-08-06,36889.9,74.5,0.0,,0.0,4.688888888888889
583,Blue Line,2023-08-07,46650.0,69.5,0.003,rain,0.0,7.854166666666667
584,Blue Line,2023-08-08,47507.9,74.0,1.286,rain,0.0,7.645833333333333
585,Blue Line,2023-08-09,52298.6,77.1,0.0,,0.0,7.729166666666667
586,Blue Line,2023-08-10,50466.7,75.9,0.039,rain,0.0,7.833333333333333
587,Blue Line,2023-08-11,50460.3,75.1,0.052,rain,0.0,7.666666666666667
588,Blue Line,2023-08-12,39025.9,72.8,0.0,,0.0,4.854166666666667
589,Blue Line,2023-08-13,31027.2,77.9,0.07,rain,0.0,4.5777777777777775
590,Blue Line,2023-08-14,45627.2,77.1,0.0,,0.0,7.916666666666667
591,Blue Line,2023-08-15,45594.0,69.0,0.633,rain,0.0,7.6875
592,Blue Line,2023-08-16,49015.2,67.5,0.0,,0.0,7.791666666666667
593,Blue Line,2023-08-17,49396.299999999996,67.5,0.0,,0.0,7.729166666666667
594,Blue Line,2023-08-18,45116.7,71.6,0.916,rain,0.0,7.787234042553192
595,Blue Line,2023-08-19,38622.9,68.8,0.0,,0.0,4.804347826086956
596,Blue Line,2023-08-20,31577.5,74.1,0.0,,0.0,4.75
597,Blue Line,2023-08-21,41758.0,76.0,0.288,rain,0.0,7.875
598,Blue Line,2023-08-22,46749.2,69.7,0.0,,0.0,7.708333333333333
599,Blue Line,2023-08-23,46650.0,67.1,0.0,,0.0,7.75
600,Blue Line,2023-08-24,46439.5,68.5,0.0,,0.0,7.416666666666667
601,Blue Line,2023-08-25,39951.9,67.4,1.784,rain,0.0,7.1063829787234045
602,Blue Line,2023-08-26,39271.9,74.7,0.0,,0.0,4.808510638297872
603,Blue Line,2023-08-27,30725.7,68.8,0.0,,0.0,4.739130434782608
604,Blue Line,2023-08-28,43276.3,66.1,0.0,,0.0,7.875
605,Blue Line,2023-08-29,42542.7,67.0,0.058,rain,0.0,7.916666666666667
606,Blue Line,2023-08-30,45594.3,72.4,0.765,rain,0.0,7.604166666666667
607,Blue Line,2023-08-31,45477.2,66.8,0.0,,0.0,7.729166666666667
608,Blue Line,2023-09-01,32427.8,63.9,0.0,,0.0,7.8478260869565215
609,Blue Line,2023-09-02,29822.0,68.5,0.0,,0.0,4.913043478260869
610,Blue Line,2023-09-03,25902.8,73.0,0.011,rain,0.0,4.711111111111111
611,Blue Line,2023-09-04,25623.5,72.8,0.0,,0.0,4.681818181818182
612,Blue Line,2023-09-05,38281.0,75.4,0.0,,0.0,7.934782608695652
613,Blue Line,2023-09-06,39711.4,78.4,0.0,,0.0,7.891304347826087
614,Blue Line,2023-09-07,40334.9,82.5,0.0,,0.0,7.6875
615,Blue Line,2023-09-08,38806.2,78.8,0.008,rain,0.0,8.022222222222222
616,Blue Line,2023-09-09,28857.9,75.5,0.139,rain,0.0,4.909090909090909
617,Blue Line,2023-09-10,21523.4,70.9,0.212,rain,0.0,4.642857142857143
618,Blue Line,2023-09-11,37019.0,69.9,0.304,rain,0.0,7.875
619,Blue Line,2023-09-12,41004.6,71.4,0.181,rain,0.0,7.851063829787234
620,Blue Line,2023-09-13,39293.5,70.9,0.537,rain,0.0,7.8478260869565215
621,Blue Line,2023-09-14,43370.9,70.7,0.035,rain,0.0,7.9361702127659575
622,Blue Line,2023-09-15,41006.9,63.8,0.0,,0.0,7.891304347826087
623,Blue Line,2023-09-16,26950.6,65.3,0.075,rain,0.0,5.0
624,Blue Line,2023-09-17,24870.3,68.2,0.0,,0.0,4.681818181818182
625,Blue Line,2023-09-18,32680.7,64.9,1.468,rain,0.0,7.791666666666667
626,Blue Line,2023-09-19,41104.7,66.9,0.052,rain,0.0,7.739130434782608
627,Blue Line,2023-09-20,38453.7,66.2,0.0,,0.0,7.5777777777777775
628,Blue Line,2023-09-21,41246.700000000004,63.3,0.0,,0.0,7.869565217391305
629,Blue Line,2023-09-22,40152.5,61.8,0.0,,0.0,7.933333333333334
630,Blue Line,2023-09-23,26544.4,59.6,0.093,rain,0.0,4.869565217391305
631,Blue Line,2023-09-24,22363.6,60.8,0.349,rain,0.0,4.590909090909091
632,Blue Line,2023-09-25,34860.9,60.4,0.077,rain,0.0,7.5
633,Blue Line,2023-09-26,39892.2,57.3,0.0,,0.0,7.688888888888889
634,Blue Line,2023-09-27,40531.6,56.4,0.0,,0.0,8.0
635,Blue Line,2023-09-28,39887.5,58.0,0.0,,0.0,7.891304347826087
636,Blue Line,2023-09-29,36203.4,57.4,0.283,rain,0.0,7.574468085106383
637,Blue Line,2023-09-30,28486.6,59.0,0.007,rain,0.0,4.933333333333334
638,Blue Line,2023-10-01,24283.5,60.2,0.0,,0.0,4.651162790697675
639,Blue Line,2023-10-02,37388.4,63.2,0.0,,0.0,7.933333333333334
640,Blue Line,2023-10-03,41222.4,68.6,0.0,,0.0,7.638297872340425
641,Blue Line,2023-10-04,39919.4,67.8,0.0,,0.0,7.297872340425532
642,Blue Line,2023-10-05,40950.2,66.1,0.0,,0.0,7.869565217391305
643,Blue Line,2023-10-06,39326.1,64.8,0.0,,0.0,7.888888888888889
644,Blue Line,2023-10-07,27063.6,64.4,0.098,rain,0.0,4.863636363636363
645,Blue Line,2023-10-08,24931.6,58.1,0.032,rain,0.0,4.681818181818182
646,Blue Line,2023-10-09,28993.7,54.6,0.0,,0.0,4.933333333333334
647,Blue Line,2023-10-10,39495.3,56.2,0.0,,0.0,7.955555555555556
648,Blue Line,2023-10-11,39875.7,59.0,0.0,,0.0,7.76595744680851
649,Blue Line,2023-10-12,40127.6,60.2,0.0,,0.0,7.869565217391305
650,Blue Line,2023-10-13,39648.5,55.4,0.0,,0.0,7.869565217391305
651,Blue Line,2023-10-14,29531.4,54.9,0.0,,0.0,4.916666666666667
652,Blue Line,2023-10-15,23301.2,54.3,0.0,,0.0,4.681818181818182
653,Blue Line,2023-10-16,36773.9,53.0,0.06,rain,0.0,7.913043478260869
654,Blue Line,2023-10-17,39475.1,53.5,0.0,,0.0,7.8478260869565215
655,Blue Line,2023-10-18,40146.3,55.6,0.001,rain,0.0,7.791666666666667
656,Blue Line,2023-10-19,41522.3,57.7,0.0,,0.0,7.76595744680851
657,Blue Line,2023-10-20,39045.2,57.4,0.05,rain,0.0,7.872340425531915
658,Blue Line,2023-10-21,26405.4,57.9,0.571,rain,0.0,4.916666666666667
659,Blue Line,2023-10-22,23833.4,54.4,0.0,,0.0,4.651162790697675
660,Blue Line,2023-10-23,37014.1,53.2,0.0,,0.0,7.833333333333333
661,Blue Line,2023-10-24,39444.799999999996,52.6,0.0,,0.0,7.680851063829787
662,Blue Line,2023-10-25,40003.9,62.3,0.0,,0.0,7.804347826086956
663,Blue Line,2023-10-26,39357.6,67.1,0.0,,0.0,7.770833333333333
664,Blue Line,2023-10-27,39587.9,68.4,0.0,,0.0,7.888888888888889
665,Blue Line,2023-10-28,33699.9,70.2,0.0,,0.0,4.9361702127659575
666,Blue Line,2023-10-29,20935.3,52.4,0.156,rain,0.0,4.688888888888889
667,Blue Line,2023-10-30,34213.6,49.8,0.495,rain,0.0,7.8936170212765955
668,Blue Line,2023-10-31,39088.6,44.4,0.0,,0.0,7.956521739130435
669,Blue Line,2023-11-01,38289.9,42.6,0.0,,0.0,7.851063829787234
670,Blue Line,2023-11-02,39616.9,39.7,0.0,,0.0,7.869565217391305
671,Blue Line,2023-11-03,38368.9,46.3,0.0,,0.0,7.891304347826087
672,Blue Line,2023-11-04,29056.3,51.4,0.0,,0.0,4.8478260869565215
673,Blue Line,2023-11-05,23315.8,53.3,0.0,,0.0,4.48936170212766
674,Blue Line,2023-11-06,36906.6,46.9,0.0,,0.0,7.702127659574468
675,Blue Line,2023-11-07,38810.5,57.0,0.104,rain,0.0,7.717391304347826
676,Blue Line,2023-11-08,36958.9,42.1,0.0,,0.0,7.74468085106383
677,Blue Line,2023-11-09,38617.6,40.1,0.113,rain,0.0,7.75
678,Blue Line,2023-11-10,36223.4,45.5,0.0,,0.0,7.673913043478261
679,Blue Line,2023-11-11,29625.2,43.5,0.0,,0.0,5.1063829787234045
680,Blue Line,2023-11-12,22486.9,35.8,0.0,,0.0,4.74468085106383
681,Blue Line,2023-11-13,36377.4,36.1,0.0,,0.0,7.5
682,Blue Line,2023-11-14,38896.1,41.3,0.0,,0.0,7.729166666666667
683,Blue Line,2023-11-15,39864.6,42.4,0.0,,0.0,7.75
684,Blue Line,2023-11-16,40584.8,51.2,0.0,,0.0,7.75
685,Blue Line,2023-11-17,38599.3,53.7,0.0,,0.0,7.708333333333333
686,Blue Line,2023-11-18,26908.9,48.8,0.083,rain,0.0,4.958333333333333
687,Blue Line,2023-11-19,21989.5,43.1,0.0,,0.0,4.717391304347826
688,Blue Line,2023-11-20,35163.2,35.8,0.0,,0.0,7.083333333333333
689,Blue Line,2023-11-21,36083.3,35.6,0.0,,0.0,7.645833333333333
690,Blue Line,2023-11-22,30451.0,45.7,1.184,rain,0.0,7.875
691,Blue Line,2023-11-23,12869.8,45.4,0.0,,0.0,4.872340425531915
692,Blue Line,2023-11-24,27689.8,42.7,0.0,,0.0,7.354166666666667
693,Blue Line,2023-11-25,24807.6,31.4,0.0,,0.0,5.021739130434782
694,Blue Line,2023-11-26,21528.4,38.0,0.012,rain,0.0,4.75
695,Blue Line,2023-11-27,35844.8,47.7,0.427,rain,0.0,7.625
696,Blue Line,2023-11-28,37224.2,35.9,0.0,,0.0,7.770833333333333
697,Blue Line,2023-11-29,36327.9,32.0,0.0,,0.0,7.645833333333333
698,Blue Line,2023-11-30,37738.2,37.9,0.0,,0.0,7.770833333333333
699,Blue Line,2023-12-01,34625.2,46.9,0.062,rain,0.0,7.666666666666667
700,Blue Line,2023-12-02,27226.1,47.6,0.0,,0.0,5.0
701,Blue Line,2023-12-03,17664.2,44.7,0.683,rain,0.0,4.791666666666667
702,Blue Line,2023-12-04,35458.8,43.3,0.14,rain,0.0,7.645833333333333
703,Blue Line,2023-12-05,37480.2,36.8,0.0,,0.0,7.708333333333333
704,Blue Line,2023-12-06,37743.9,30.5,0.0,"rain,snow",0.4,7.604166666666667
705,Blue Line,2023-12-07,38021.5,27.5,0.0,,0.0,7.854166666666667
706,Blue Line,2023-12-08,37259.6,34.9,0.0,,0.0,7.75
707,Blue Line,2023-12-09,28380.399999999998,43.5,0.0,,0.0,5.104166666666667
708,Blue Line,2023-12-10,19570.5,53.5,0.316,rain,0.0,4.791666666666667
709,Blue Line,2023-12-11,32814.0,46.6,1.869,rain,0.0,7.625
710,Blue Line,2023-12-12,38059.5,38.0,0.0,,0.0,7.770833333333333
711,Blue Line,2023-12-13,36372.0,39.1,0.0,,0.0,7.75
712,Blue Line,2023-12-14,38136.3,31.9,0.0,,0.0,7.708333333333333
713,Blue Line,2023-12-15,36616.5,43.9,0.0,,0.0,7.708333333333333
714,Blue Line,2023-12-16,28619.9,44.8,0.0,,0.0,5.0625
715,Blue Line,2023-12-17,20453.0,45.7,0.363,rain,0.0,4.270833333333333
716,Blue Line,2023-12-18,27341.8,55.8,1.422,rain,0.0,7.354166666666667
717,Blue Line,2023-12-19,35476.9,42.5,0.091,rain,0.0,7.75
718,Blue Line,2023-12-20,35190.8,36.4,0.0,,0.0,7.770833333333333
719,Blue Line,2023-12-21,33562.1,32.0,0.0,,0.0,7.854166666666667
720,Blue Line,2023-12-22,30978.7,27.8,0.0,,0.0,7.625
721,Blue Line,2023-12-23,23825.7,34.2,0.0,,0.0,4.829787234042553
722,Blue Line,2023-12-24,16071.5,41.8,0.011,rain,0.0,4.702127659574468
723,Blue Line,2023-12-25,10074.6,44.6,0.0,,0.0,4.74468085106383
724,Blue Line,2023-12-26,26646.0,40.7,0.0,,0.0,7.458333333333333
725,Blue Line,2023-12-27,29409.4,45.2,0.019,rain,0.0,7.729166666666667
726,Blue Line,2023-12-28,27130.2,44.2,0.693,rain,0.0,7.75
727,Blue Line,2023-12-29,30266.6,42.9,0.023,rain,0.0,7.75
728,Blue Line,2023-12-30,24065.2,42.3,0.098,rain,0.0,5.145833333333333
729,Blue Line,2023-12-31,19860.5,35.8,0.0,,0.0,6.065217391304348
730,Blue Line,2024-01-01,15609.7,33.3,0.0,,0.0,8.104166666666666
731,Blue Line,2024-01-02,30225.2,31.7,0.0,,0.0,7.833333333333333
732,Blue Line,2024-01-03,33059.6,36.6,0.0,,0.0,7.916666666666667
733,Blue Line,2024-01-04,33061.2,36.8,0.0,,0.0,7.875
734,Blue Line,2024-01-05,31061.2,27.3,0.0,,0.0,7.854166666666667
735,Blue Line,2024-01-06,22399.9,33.9,0.051,"rain,snow",0.0,4.6875
736,Blue Line,2024-01-07,12890.7,31.0,0.955,"rain,snow",5.9,4.957446808510638
737,Blue Line,2024-01-08,29071.0,30.8,0.0,snow,0.3,7.9375
738,Blue Line,2024-01-09,30894.6,33.5,0.465,rain,0.0,7.916666666666667
739,Blue Line,2024-01-10,32368.4,48.8,2.0,rain,0.0,7.854166666666667
740,Blue Line,2024-01-11,33513.8,41.7,0.0,,0.0,7.875
741,Blue Line,2024-01-12,32810.1,40.8,0.0,,0.0,7.854166666666667
742,Blue Line,2024-01-13,21460.9,47.0,1.443,rain,0.0,5.020833333333333
743,Blue Line,2024-01-14,17375.0,34.8,0.0,,0.0,5.021739130434782
744,Blue Line,2024-01-15,20852.3,27.9,0.0,,0.0,4.979166666666667
745,Blue Line,2024-01-16,28717.6,28.5,0.553,"rain,snow",2.1,7.729166666666667
746,Blue Line,2024-01-17,31353.3,22.5,0.0,,0.0,7.875
747,Blue Line,2024-01-18,33172.0,23.6,0.0,,0.0,7.895833333333333
748,Blue Line,2024-01-19,31274.3,25.4,0.0,snow,0.1,7.770833333333333
749,Blue Line,2024-01-20,18812.4,16.4,0.0,,0.0,4.9375
750,Blue Line,2024-01-21,15617.6,20.1,0.0,,0.0,4.8125
751,Blue Line,2024-01-22,31428.0,28.9,0.0,,0.0,7.833333333333333
752,Blue Line,2024-01-23,34028.1,37.1,0.0,,0.0,7.854166666666667
753,Blue Line,2024-01-24,32643.3,35.2,0.359,"rain,snow",1.5,7.833333333333333
754,Blue Line,2024-01-25,33482.7,44.4,0.337,rain,0.0,7.791666666666667
755,Blue Line,2024-01-26,28638.4,39.4,0.676,rain,0.0,7.875
756,Blue Line,2024-01-27,23058.3,36.6,0.0,,0.0,5.085106382978723
757,Blue Line,2024-01-28,15472.2,36.0,0.497,"rain,snow",0.7,4.833333333333333
758,Blue Line,2024-01-29,30707.1,34.3,0.125,"rain,snow",1.4,7.166666666666667
759,Blue Line,2024-01-30,32769.4,28.8,0.0,,0.0,7.875
760,Blue Line,2024-01-31,33567.9,31.1,0.0,,0.0,7.875
761,Blue Line,2024-02-01,35004.3,38.2,0.0,,0.0,7.854166666666667
762,Blue Line,2024-02-02,34144.3,39.6,0.042,"rain,snow",0.0,8.127659574468085
763,Blue Line,2024-02-03,25006.6,33.3,0.0,,0.0,5.0
764,Blue Line,2024-02-04,19359.8,32.2,0.0,,0.0,4.914893617021277
765,Blue Line,2024-02-05,32695.3,33.7,0.0,,0.0,7.854166666666667
766,Blue Line,2024-02-06,35459.1,32.6,0.0,,0.0,8.195652173913043
767,Blue Line,2024-02-07,35711.3,33.7,0.0,,0.0,7.833333333333333
768,Blue Line,2024-02-08,36606.2,34.6,0.0,,0.0,8.0
769,Blue Line,2024-02-09,35603.9,37.6,0.0,,0.0,8.217391304347826
770,Blue Line,2024-02-10,26544.1,46.6,0.039,rain,0.0,5.4
771,Blue Line,2024-02-11,19369.0,45.6,0.0,,0.0,5.395348837209302
772,Blue Line,2024-02-12,34251.7,38.9,0.0,,0.0,8.422222222222222
773,Blue Line,2024-02-13,21640.7,35.1,0.246,"rain,snow",1.6,8.152173913043478
774,Blue Line,2024-02-14,35288.2,30.8,0.0,,0.0,8.02127659574468
775,Blue Line,2024-02-15,23728.8,31.1,0.011,"rain,snow",0.0,6.7317073170731705
776,Blue Line,2024-02-16,33594.0,34.2,0.0,"rain,snow",0.8,8.355555555555556
777,Blue Line,2024-02-17,24476.0,30.5,0.0,"rain,snow",0.0,5.085106382978723
778,Blue Line,2024-02-18,19541.7,29.3,0.0,,0.0,5.25
779,Blue Line,2024-02-19,23831.7,32.5,0.0,,0.0,5.288888888888889
780,Blue Line,2024-02-20,34167.3,27.2,0.0,,0.0,8.444444444444445
781,Blue Line,2024-02-21,33793.0,30.2,0.0,,0.0,8.152173913043478
782,Blue Line,2024-02-22,35066.8,33.4,0.0,,0.0,8.0
783,Blue Line,2024-02-23,31731.9,38.7,0.069,rain,0.0,8.217391304347826
784,Blue Line,2024-02-24,23688.7,34.6,0.0,,0.0,5.127659574468085
785,Blue Line,2024-02-25,18046.2,25.3,0.0,,0.0,5.209302325581396
786,Blue Line,2024-02-26,33185.7,41.8,0.0,,0.0,8.217391304347826
787,Blue Line,2024-02-27,36887.0,40.9,0.013,rain,0.0,8.195652173913043
788,Blue Line,2024-02-28,34424.4,53.2,0.181,rain,0.0,8.02127659574468
789,Blue Line,2024-02-29,35498.8,30.6,0.051,"rain,snow",0.0,8.173913043478262
790,Blue Line,2024-03-01,34571.3,32.2,0.0,,0.0,7.808510638297872
791,Blue Line,2024-03-02,23854.1,40.1,0.725,rain,0.0,4.958333333333333
792,Blue Line,2024-03-03,20833.4,49.1,0.729,rain,0.0,5.404761904761905
793,Blue Line,2024-03-04,33515.8,44.4,0.0,,0.0,8.02127659574468
794,Blue Line,2024-03-05,35103.2,39.9,0.175,rain,0.0,8.02127659574468
795,Blue Line,2024-03-06,35623.1,44.1,0.156,rain,0.0,8.333333333333334
796,Blue Line,2024-03-07,34823.3,42.6,1.294,rain,0.0,7.957446808510638
797,Blue Line,2024-03-08,35787.6,39.5,0.0,,0.0,8.217391304347826
798,Blue Line,2024-03-09,25794.0,37.6,0.036,rain,0.0,4.933333333333334
799,Blue Line,2024-03-10,19764.7,46.0,0.893,rain,0.0,4.644444444444445
800,Blue Line,2024-03-11,32098.9,38.9,0.0,,0.0,7.808510638297872
801,Blue Line,2024-03-12,35863.0,45.2,0.0,,0.0,8.108695652173912
802,Blue Line,2024-03-13,37300.7,42.6,0.0,,0.0,7.891304347826087
803,Blue Line,2024-03-14,38635.7,43.5,0.0,,0.0,8.377777777777778
804,Blue Line,2024-03-15,35409.2,41.7,0.032,rain,0.0,7.791666666666667
805,Blue Line,2024-03-16,29323.5,44.8,0.0,,0.0,5.173913043478261
806,Blue Line,2024-03-17,23687.9,48.4,0.022,rain,0.0,5.304347826086956
807,Blue Line,2024-03-18,34864.3,44.0,0.0,,0.0,7.833333333333333
808,Blue Line,2024-03-19,37192.1,39.7,0.0,,0.0,8.244444444444444
809,Blue Line,2024-03-20,36382.0,42.0,0.065,rain,0.0,7.9787234042553195
810,Blue Line,2024-03-21,35994.3,33.2,0.0,,0.0,8.0
811,Blue Line,2024-03-22,30936.7,33.1,0.0,,0.0,6.688888888888889
812,Blue Line,2024-03-23,20527.0,37.5,2.108,"rain,snow",0.2,5.355555555555555
813,Blue Line,2024-03-24,20553.1,34.1,0.0,,0.0,5.2272727272727275
814,Blue Line,2024-03-25,34062.1,37.2,0.0,,0.0,8.355555555555556
815,Blue Line,2024-03-26,36474.2,37.1,0.023,rain,0.0,8.4
816,Blue Line,2024-03-27,37222.5,42.3,0.106,rain,0.0,7.9787234042553195
817,Blue Line,2024-03-28,34881.3,46.8,1.446,rain,0.0,8.173913043478262
818,Blue Line,2024-03-29,33368.0,44.2,0.757,rain,0.0,8.152173913043478
819,Blue Line,2024-03-30,28135.3,47.0,0.0,,0.0,5.363636363636363
820,Blue Line,2024-03-31,20675.2,48.6,0.0,,0.0,5.441860465116279
821,Blue Line,2024-04-01,34938.3,44.3,0.0,,0.0,8.085106382978724
822,Blue Line,2024-04-02,38065.6,43.1,0.025,rain,0.0,7.8125
823,Blue Line,2024-04-03,34644.2,40.4,0.46,rain,0.0,7.333333333333333
824,Blue Line,2024-04-04,29054.3,36.6,1.101,"rain,snow",1.2,7.9375
825,Blue Line,2024-04-05,37653.9,40.4,0.0,rain,0.0,7.9787234042553195
826,Blue Line,2024-04-06,25722.2,40.3,0.044,rain,0.0,5.266666666666667
827,Blue Line,2024-04-07,20884.6,40.3,0.0,,0.0,5.021739130434782
828,Blue Line,2024-04-08,35161.4,52.7,0.0,,0.0,8.191489361702128
829,Blue Line,2024-04-09,36333.0,51.3,0.0,,0.0,7.645833333333333
830,Blue Line,2024-04-10,34714.6,47.4,0.0,,0.0,6.787234042553192
831,Blue Line,2024-04-11,35029.6,46.4,0.056,rain,0.0,7.1875
832,Blue Line,2024-04-12,34616.0,56.3,0.741,rain,0.0,8.369565217391305
833,Blue Line,2024-04-13,30748.4,50.8,0.0,,0.0,5.065217391304348
834,Blue Line,2024-04-14,24910.9,51.4,0.044,rain,0.0,5.068181818181818
835,Blue Line,2024-04-15,37165.4,57.7,0.0,,0.0,9.195652173913043
836,Blue Line,2024-04-16,40959.7,58.0,0.0,,0.0,8.326086956521738
837,Blue Line,2024-04-17,6427.9,47.8,0.0,,0.0,3.4893617021276597
838,Blue Line,2024-04-18,5568.0,45.8,0.155,rain,0.0,3.3958333333333335
839,Blue Line,2024-04-19,5038.4,48.4,0.0,,0.0,2.893617021276596
840,Blue Line,2024-04-20,3986.4,51.8,0.291,rain,0.0,2.4130434782608696
841,Blue Line,2024-04-21,2630.3,47.4,0.0,,0.0,3.5
842,Blue Line,2024-04-22,16139.3,47.4,0.0,,0.0,3.4782608695652173
843,Blue Line,2024-04-23,17014.1,48.4,0.0,,0.0,3.5652173913043477
844,Blue Line,2024-04-24,19752.1,50.4,0.001,rain,0.0,3.4680851063829787
845,Blue Line,2024-04-25,26283.7,41.8,0.0,,0.0,3.5106382978723403
846,Blue Line,2024-04-26,26414.0,45.3,0.0,,0.0,3.5434782608695654
847,Blue Line,2024-04-27,20657.0,50.7,0.0,,0.0,3.5217391304347827
848,Blue Line,2024-04-28,15780.2,56.0,0.001,rain,0.0,3.4444444444444446
849,Blue Line,2024-04-29,25289.4,57.8,0.0,,0.0,3.4893617021276597
850,Blue Line,2024-04-30,26810.2,50.5,0.092,rain,0.0,3.5
851,Blue Line,2024-05-01,35000.3,47.2,0.062,rain,0.0,8.0
852,Blue Line,2024-05-02,37113.5,53.6,0.106,rain,0.0,8.170212765957446
853,Blue Line,2024-05-03,36063.7,50.0,0.0,,0.0,8.347826086956522
854,Blue Line,2024-05-04,29079.2,49.4,0.0,,0.0,4.958333333333333
855,Blue Line,2024-05-05,20849.5,48.4,0.3,rain,0.0,5.372093023255814
856,Blue Line,2024-05-06,35414.2,61.9,0.185,rain,0.0,8.02127659574468
857,Blue Line,2024-05-07,39131.1,63.1,0.0,,0.0,7.916666666666667
858,Blue Line,2024-05-08,34662.3,54.9,0.702,rain,0.0,8.173913043478262
859,Blue Line,2024-05-09,38827.1,54.5,0.0,,0.0,8.555555555555555
860,Blue Line,2024-05-10,36943.1,49.9,0.0,,0.0,8.818181818181818
861,Blue Line,2024-05-11,27208.8,48.4,0.0,,0.0,5.195652173913044
862,Blue Line,2024-05-12,22101.3,51.0,0.0,,0.0,5.25
863,Blue Line,2024-05-13,35504.0,57.1,0.0,,0.0,8.145833333333334
864,Blue Line,2024-05-14,40075.0,63.3,0.0,,0.0,8.170212765957446
865,Blue Line,2024-05-15,38286.4,62.9,0.068,rain,0.0,8.577777777777778
866,Blue Line,2024-05-16,37406.7,56.3,0.583,rain,0.0,8.369565217391305
867,Blue Line,2024-05-17,38952.2,57.6,0.0,,0.0,8.326086956521738
868,Blue Line,2024-05-18,30144.0,55.4,0.239,rain,0.0,5.822222222222222
869,Blue Line,2024-05-19,23101.4,53.8,0.429,rain,0.0,5.043478260869565
870,Blue Line,2024-05-20,36227.9,55.5,0.0,,0.0,8.104166666666666
871,Blue Line,2024-05-21,40346.5,66.6,0.0,,0.0,8.71111111111111
872,Blue Line,2024-05-22,40768.8,74.1,0.0,,0.0,8.340425531914894
873,Blue Line,2024-05-23,38548.5,71.1,0.078,rain,0.0,8.212765957446809
874,Blue Line,2024-05-24,36443.4,75.1,0.002,rain,0.0,8.173913043478262
875,Blue Line,2024-05-25,30634.6,65.6,0.0,,0.0,5.239130434782608
876,Blue Line,2024-05-26,25453.6,63.6,0.127,rain,0.0,5.5
877,Blue Line,2024-05-27,23182.3,64.1,0.012,rain,0.0,5.372093023255814
878,Blue Line,2024-05-28,38104.4,73.7,0.391,rain,0.0,8.622222222222222
879,Blue Line,2024-05-29,39038.0,67.0,0.0,,0.0,8.0625
880,Blue Line,2024-05-30,35525.9,57.1,1.425,rain,0.0,8.533333333333333
881,Blue Line,2024-05-31,38422.2,65.9,0.0,,0.0,8.23404255319149
882,Blue Line,2024-06-01,31277.8,68.9,0.0,,0.0,5.409090909090909
883,Blue Line,2024-06-02,25519.0,67.1,0.0,,0.0,5.111111111111111
884,Blue Line,2024-06-03,36692.7,68.2,0.0,,0.0,8.347826086956522
885,Blue Line,2024-06-04,40170.6,62.6,0.0,,0.0,8.020833333333334
886,Blue Line,2024-06-05,40265.5,71.2,0.0,,0.0,8.065217391304348
887,Blue Line,2024-06-06,38579.5,67.0,0.0,,0.0,8.02127659574468
888,Blue Line,2024-06-07,38120.7,65.6,0.02,rain,0.0,8.085106382978724
889,Blue Line,2024-06-08,33592.6,68.1,0.019,rain,0.0,5.266666666666667
890,Blue Line,2024-06-09,23133.9,64.8,0.232,rain,0.0,5.111111111111111
891,Blue Line,2024-06-10,37284.0,67.4,0.0,,0.0,8.212765957446809
892,Blue Line,2024-06-11,40449.2,64.5,0.0,,0.0,8.795454545454545
893,Blue Line,2024-06-12,41681.3,67.4,0.0,,0.0,8.369565217391305
894,Blue Line,2024-06-13,42084.1,72.7,0.0,,0.0,8.422222222222222
895,Blue Line,2024-06-14,38358.5,71.2,0.346,rain,0.0,8.431818181818182
896,Blue Line,2024-06-15,32009.3,70.5,0.242,rain,0.0,5.5
897,Blue Line,2024-06-16,26226.3,63.1,0.0,,0.0,5.2272727272727275
898,Blue Line,2024-06-17,39889.9,70.2,0.0,,0.0,8.391304347826088
899,Blue Line,2024-06-18,39379.0,78.4,0.0,,0.0,8.6
900,Blue Line,2024-06-19,32056.4,81.8,0.0,,0.0,8.478260869565217
901,Blue Line,2024-06-20,36402.9,83.6,0.285,rain,0.0,8.391304347826088
902,Blue Line,2024-06-21,42999.0,72.3,0.495,rain,0.0,9.217391304347826
903,Blue Line,2024-06-22,25507.4,65.0,0.111,rain,0.0,5.239130434782608
904,Blue Line,2024-06-23,22949.6,72.2,0.079,rain,0.0,5.065217391304348
905,Blue Line,2024-06-24,34631.1,76.4,0.001,rain,0.0,8.521739130434783
906,Blue Line,2024-06-25,38158.5,77.3,0.076,rain,0.0,8.191489361702128
907,Blue Line,2024-06-26,38829.0,79.2,1.68,rain,0.0,8.347826086956522
908,Blue Line,2024-06-27,39534.6,74.1,0.333,rain,0.0,8.577777777777778
909,Blue Line,2024-06-28,40268.9,65.9,0.0,,0.0,8.23404255319149
910,Blue Line,2024-06-29,28775.0,67.7,0.0,,0.0,5.1521739130434785
911,Blue Line,2024-06-30,22585.600000000002,77.5,0.022,rain,0.0,5.523809523809524
912,Blue Line,2024-07-01,35379.3,72.1,0.149,rain,0.0,8.456521739130435
913,Blue Line,2024-07-02,39261.1,71.7,0.0,,0.0,8.41304347826087
914,Blue Line,2024-07-03,37093.6,73.2,0.0,,0.0,8.622222222222222
915,Blue Line,2024-07-04,24705.2,73.9,0.0,,0.0,7.675675675675675
916,Blue Line,2024-07-05,78.5,75.0,0.383,rain,0.0,9.447368421052632
917,Blue Line,2024-07-06,79.5,76.4,0.002,rain,0.0,5.780487804878049
918,Blue Line,2024-07-07,55.1,77.6,0.0,,0.0,5.794871794871795
919,Blue Line,2024-07-08,181.2,77.2,0.0,,0.0,9.317073170731707
920,Blue Line,2024-07-09,221.8,80.7,0.0,,0.0,9.095238095238095
921,Blue Line,2024-07-10,154.4,80.4,0.0,,0.0,9.764705882352942
922,Blue Line,2024-07-11,26.4,80.6,0.001,rain,0.0,9.931034482758621
923,Blue Line,2024-07-12,68.3,78.9,0.031,rain,0.0,10.185185185185185
924,Blue Line,2024-07-13,42.0,77.4,0.308,rain,0.0,6.0
925,Blue Line,2024-07-14,27.0,78.3,0.0,,0.0,5.933333333333334
926,Blue Line,2024-07-15,21.0,80.8,0.041,rain,0.0,10.058823529411764
927,Blue Line,2024-07-16,20.0,83.1,0.005,rain,0.0,10.76923076923077
928,Blue Line,2024-07-17,33.2,82.2,0.002,rain,0.0,9.444444444444445
929,Blue Line,2024-07-18,50.6,79.3,0.229,rain,0.0,10.076923076923077
930,Blue Line,2024-07-19,26.7,72.6,0.0,,0.0,10.6
931,Blue Line,2024-07-20,4.7,77.3,0.0,,0.0,6.2
932,Blue Line,2024-07-21,5.2,74.6,0.0,,0.0,6.0
933,Blue Line,2024-07-22,14.600000000000001,71.6,0.0,,0.0,11.0
934,Blue Line,2024-07-23,5.1000000000000005,70.4,0.023,rain,0.0,10.875
935,Blue Line,2024-07-24,21.400000000000002,66.0,0.012,rain,0.0,10.217391304347826
936,Blue Line,2024-07-25,18.2,72.6,0.003,rain,0.0,10.176470588235293
937,Blue Line,2024-07-26,11.6,74.8,0.0,,0.0,9.0
938,Blue Line,2024-07-27,11.8,73.5,0.0,,0.0,6.0
939,Blue Line,2024-07-28,4.1,69.6,0.001,rain,0.0,4.7
940,Blue Line,2024-07-29,10.0,69.0,0.034,rain,0.0,10.0
941,Blue Line,2024-07-30,7.4,78.1,0.0,,0.0,10.636363636363637
942,Blue Line,2024-07-31,6.6,76.6,0.196,rain,0.0,10.75
943,Blue Line,2024-08-01,12.6,83.8,0.0,,0.0,10.764705882352942
944,Blue Line,2024-08-02,6.4,80.2,0.76,rain,0.0,10.166666666666666
945,Blue Line,2024-08-03,3.5,80.9,0.0,,0.0,6.0
946,Blue Line,2024-08-04,11.9,77.4,0.358,rain,0.0,5.947368421052632
947,Blue Line,2024-08-05,29148.9,77.4,0.0,,0.0,8.369565217391305
948,Blue Line,2024-08-06,34958.4,69.5,0.359,rain,0.0,8.577777777777778
949,Blue Line,2024-08-07,39103.0,64.0,0.447,rain,0.0,8.304347826086957
950,Blue Line,2024-08-08,39681.7,65.2,0.205,rain,0.0,8.106382978723405
951,Blue Line,2024-08-09,36769.1,72.6,0.119,rain,0.0,8.863636363636363
952,Blue Line,2024-08-10,32609.3,80.2,0.305,rain,0.0,5.181818181818182
953,Blue Line,2024-08-11,26930.4,75.5,0.0,,0.0,5.3023255813953485
954,Blue Line,2024-08-12,37202.0,71.5,0.0,,0.0,8.212765957446809
955,Blue Line,2024-08-13,40038.3,72.5,0.0,,0.0,8.727272727272727
956,Blue Line,2024-08-14,39811.1,72.0,0.0,,0.0,8.212765957446809
957,Blue Line,2024-08-15,38581.1,69.9,0.87,rain,0.0,8.02127659574468
958,Blue Line,2024-08-16,38216.4,67.7,0.0,,0.0,8.577777777777778
959,Blue Line,2024-08-17,31654.3,66.2,0.0,,0.0,5.311111111111111
960,Blue Line,2024-08-18,22924.4,66.8,0.033,rain,0.0,5.204545454545454
961,Blue Line,2024-08-19,33154.0,69.8,0.242,rain,0.0,8.434782608695652
962,Blue Line,2024-08-20,32906.8,65.7,0.011,rain,0.0,8.391304347826088
963,Blue Line,2024-08-21,32044.3,65.5,0.001,rain,0.0,8.212765957446809
964,Blue Line,2024-08-22,31078.9,66.3,0.0,,0.0,8.369565217391305
965,Blue Line,2024-08-23,30968.899999999998,72.1,0.0,,0.0,8.795454545454545
966,Blue Line,2024-08-24,26010.7,71.2,0.0,,0.0,5.266666666666667
967,Blue Line,2024-08-25,21250.1,71.5,0.0,,0.0,5.181818181818182
968,Blue Line,2024-08-26,28753.2,69.7,0.001,rain,0.0,8.478260869565217
969,Blue Line,2024-08-27,38526.4,69.9,0.0,,0.0,8.041666666666666
970,Blue Line,2024-08-28,37881.9,78.0,0.0,,0.0,8.0625
971,Blue Line,2024-08-29,38998.4,65.5,0.0,,0.0,8.104166666666666
972,Blue Line,2024-08-30,31278.6,64.4,0.0,,0.0,8.795454545454545
973,Blue Line,2024-08-31,24597.0,69.3,0.0,,0.0,5.311111111111111
974,Blue Line,2024-09-01,24368.6,75.5,0.0,,0.0,4.75
975,Blue Line,2024-09-02,25465.8,71.4,0.0,,0.0,4.791666666666667
976,Blue Line,2024-09-03,37342.9,65.4,0.0,,0.0,8.041666666666666
977,Blue Line,2024-09-04,39194.7,68.1,0.0,,0.0,8.208333333333334
978,Blue Line,2024-09-05,40004.2,66.1,0.0,,0.0,8.145833333333334
979,Blue Line,2024-09-06,39212.9,66.3,0.0,,0.0,8.020833333333334
980,Blue Line,2024-09-07,28918.1,67.2,0.0,,0.0,4.958333333333333
981,Blue Line,2024-09-08,24196.9,63.1,0.0,,0.0,4.770833333333333
982,Blue Line,2024-09-09,38308.6,66.0,0.0,,0.0,7.958333333333333
983,Blue Line,2024-09-10,41377.3,69.5,0.0,,0.0,7.895833333333333
984,Blue Line,2024-09-11,40531.4,65.5,0.0,,0.0,8.166666666666666
985,Blue Line,2024-09-12,41207.1,68.6,0.0,,0.0,8.020833333333334
986,Blue Line,2024-09-13,40194.9,70.4,0.0,,0.0,8.083333333333334
987,Blue Line,2024-09-14,31255.9,68.7,0.0,,0.0,4.958333333333333
988,Blue Line,2024-09-15,26480.5,66.6,0.0,,0.0,4.8125
989,Blue Line,2024-09-16,38093.9,66.2,0.0,,0.0,8.083333333333334
990,Blue Line,2024-09-17,41826.8,66.6,0.0,,0.0,7.916666666666667
991,Blue Line,2024-09-18,40293.9,64.5,0.0,,0.0,8.104166666666666
992,Blue Line,2024-09-19,41017.4,66.8,0.013,rain,0.0,8.145833333333334
993,Blue Line,2024-09-20,32406.3,63.2,0.012,rain,0.0,8.511111111111111
994,Blue Line,2024-09-21,21456.3,58.9,0.877,rain,0.0,5.409090909090909
995,Blue Line,2024-09-22,19798.5,60.2,0.081,rain,0.0,5.372093023255814
996,Blue Line,2024-09-23,31754.6,59.5,0.0,,0.0,8.282608695652174
997,Blue Line,2024-09-24,34088.6,59.8,0.0,,0.0,8.511111111111111
998,Blue Line,2024-09-25,32744.8,61.7,0.0,,0.0,8.666666666666666
999,Blue Line,2024-09-26,33105.1,63.4,0.303,rain,0.0,8.818181818181818
1000,Blue Line,2024-09-27,34041.3,67.5,0.0,,0.0,7.9375
1001,Blue Line,2024-09-28,27520.6,62.9,0.0,,0.0,5.311111111111111
1002,Blue Line,2024-09-29,20699.3,61.1,0.0,,0.0,5.066666666666666
1003,Blue Line,2024-09-30,31907.3,61.2,0.0,,0.0,8.577777777777778
1004,Blue Line,2024-10-01,32958.9,61.1,0.0,,0.0,8.6
1005,Blue Line,2024-10-02,33437.7,60.2,0.0,,0.0,8.041666666666666
1006,Blue Line,2024-10-03,34202.0,61.4,0.0,,0.0,8.304347826086957
1007,Blue Line,2024-10-04,32699.2,63.1,0.0,,0.0,8.422222222222222
1008,Blue Line,2024-10-05,26419.1,62.3,0.001,rain,0.0,5.311111111111111
1009,Blue Line,2024-10-06,21638.6,56.5,0.0,,0.0,5.088888888888889
1010,Blue Line,2024-10-07,29946.5,57.3,0.392,rain,0.0,8.145833333333334
1011,Blue Line,2024-10-08,34326.6,57.8,0.0,,0.0,8.170212765957446
1012,Blue Line,2024-10-09,33398.0,56.8,0.0,,0.0,8.577777777777778
1013,Blue Line,2024-10-10,34385.3,52.6,0.0,,0.0,8.23404255319149
1014,Blue Line,2024-10-11,33688.7,56.9,0.0,,0.0,8.6
1015,Blue Line,2024-10-12,30804.7,62.7,0.0,,0.0,4.958333333333333
1016,Blue Line,2024-10-13,21703.4,50.1,0.098,rain,0.0,4.770833333333333
1017,Blue Line,2024-10-14,27221.3,50.9,0.204,rain,0.0,4.979166666666667
1018,Blue Line,2024-10-15,40411.4,48.0,0.0,,0.0,7.770833333333333
1019,Blue Line,2024-10-16,40350.8,49.2,0.0,,0.0,8.1875
1020,Blue Line,2024-10-17,41397.0,46.9,0.0,,0.0,7.958333333333333
1021,Blue Line,2024-10-18,40191.5,51.0,0.0,,0.0,7.979166666666667
1022,Blue Line,2024-10-19,31491.8,55.2,0.0,,0.0,4.9375
1023,Blue Line,2024-10-20,24693.2,60.3,0.0,,0.0,4.770833333333333
1024,Blue Line,2024-10-21,38489.2,67.5,0.0,,0.0,8.083333333333334
1025,Blue Line,2024-10-22,42151.0,62.4,0.0,,0.0,8.083333333333334
1026,Blue Line,2024-10-23,41617.8,63.3,0.0,,0.0,8.083333333333334
1027,Blue Line,2024-10-24,41948.3,63.0,0.0,,0.0,8.020833333333334
1028,Blue Line,2024-10-25,41185.5,51.3,0.0,,0.0,8.083333333333334
1029,Blue Line,2024-10-26,31108.2,56.8,0.0,,0.0,5.386363636363637
1030,Blue Line,2024-10-27,22869.4,48.0,0.0,,0.0,5.021739130434782
1031,Blue Line,2024-10-28,37858.5,43.8,0.0,,0.0,8.340425531914894
1032,Blue Line,2024-10-29,39569.8,47.9,0.011,rain,0.0,8.434782608695652
1033,Blue Line,2024-10-30,40604.9,56.9,0.211,rain,0.0,8.434782608695652
1034,Blue Line,2024-10-31,41108.2,66.1,0.0,,0.0,8.145833333333334
1035,Blue Line,2024-11-01,38831.2,67.3,0.0,,0.0,8.41304347826087
1036,Blue Line,2024-11-02,28866.3,50.9,0.0,,0.0,5.333333333333333
1037,Blue Line,2024-11-03,21972.1,41.4,0.0,,0.0,4.955555555555556
1038,Blue Line,2024-11-04,36574.6,44.1,0.0,,0.0,8.340425531914894
1039,Blue Line,2024-11-05,38547.2,61.8,0.0,,0.0,8.125
1040,Blue Line,2024-11-06,40246.0,71.1,0.0,,0.0,8.085106382978724
1041,Blue Line,2024-11-07,41371.2,64.2,0.0,,0.0,8.369565217391305
1042,Blue Line,2024-11-08,38876.7,54.0,0.011,rain,0.0,8.212765957446809
1043,Blue Line,2024-11-09,29527.399999999998,46.4,0.0,,0.0,5.431818181818182
1044,Blue Line,2024-11-10,22815.4,48.1,0.012,rain,0.0,5.5
1045,Blue Line,2024-11-11,30697.4,60.4,0.082,rain,0.0,8.5
1046,Blue Line,2024-11-12,39331.2,48.8,0.0,,0.0,8.212765957446809
1047,Blue Line,2024-11-13,39822.4,38.3,0.0,,0.0,8.27659574468085
1048,Blue Line,2024-11-14,39814.4,37.9,0.0,,0.0,8.511111111111111
1049,Blue Line,2024-11-15,38726.8,45.7,0.0,,0.0,8.26086956521739
1050,Blue Line,2024-11-16,29457.3,52.0,0.0,,0.0,5.217391304347826
1051,Blue Line,2024-11-17,22085.3,53.2,0.0,,0.0,5.2272727272727275
1052,Blue Line,2024-11-18,37199.3,52.6,0.0,,0.0,8.25531914893617
1053,Blue Line,2024-11-19,38890.0,50.1,0.0,,0.0,8.297872340425531
1054,Blue Line,2024-11-20,38865.2,46.0,0.0,,0.0,8.297872340425531
1055,Blue Line,2024-11-21,35086.3,46.8,0.656,rain,0.0,7.808510638297872
1056,Blue Line,2024-11-22,35787.1,47.4,0.612,rain,0.0,8.688888888888888
1057,Blue Line,2024-11-23,24175.6,44.8,0.911,rain,0.0,5.173913043478261
1058,Blue Line,2024-11-24,21682.600000000002,45.4,0.0,,0.0,5.204545454545454
1059,Blue Line,2024-11-25,36642.1,43.7,0.0,,0.0,8.41304347826087
1060,Blue Line,2024-11-26,35893.5,41.6,0.332,rain,0.0,8.391304347826088
1061,Blue Line,2024-11-27,31831.6,43.2,0.0,,0.0,6.891304347826087
1062,Blue Line,2024-11-28,10391.2,43.3,0.732,rain,0.0,5.333333333333333
1063,Blue Line,2024-11-29,28333.5,40.6,0.0,,0.0,8.755555555555556
1064,Blue Line,2024-11-30,25672.5,35.9,0.0,,0.0,5.288888888888889
1065,Blue Line,2024-12-01,21381.5,32.7,0.0,,0.0,5.4523809523809526
1066,Blue Line,2024-12-02,35564.4,32.4,0.0,,0.0,8.688888888888888
1067,Blue Line,2024-12-03,38026.1,32.7,0.0,,0.0,8.26086956521739
1068,Blue Line,2024-12-04,38551.1,34.1,0.031,rain,0.0,8.466666666666667
1069,Blue Line,2024-12-05,37376.9,36.8,0.389,"rain,snow",0.3,8.434782608695652
1070,Blue Line,2024-12-06,35769.8,31.2,0.0,,0.0,8.369565217391305
1071,Blue Line,2024-12-07,25848.4,32.2,0.0,,0.0,5.065217391304348
1072,Blue Line,2024-12-08,19663.9,41.5,0.022,"rain,snow",0.0,5.181818181818182
1073,Blue Line,2024-12-09,33439.1,42.3,0.335,rain,0.0,8.0
1074,Blue Line,2024-12-10,35188.9,34.8,0.082,rain,0.0,8.23404255319149
1075,Blue Line,2024-12-11,30701.5,49.3,2.624,rain,0.0,7.770833333333333
1076,Blue Line,2024-12-12,36823.2,39.5,0.077,rain,0.0,8.125
1077,Blue Line,2024-12-13,34158.8,29.5,0.0,,0.0,7.979166666666667
1078,Blue Line,2024-12-14,24742.7,28.1,0.0,,0.0,5.085106382978723
1079,Blue Line,2024-12-15,18508.5,29.0,0.0,,0.0,4.604166666666667
1080,Blue Line,2024-12-16,33602.3,38.9,0.0,,0.0,8.425531914893616
1081,Blue Line,2024-12-17,35554.7,53.2,0.174,rain,0.0,8.565217391304348
1082,Blue Line,2024-12-18,35346.2,44.2,0.509,rain,0.0,8.688888888888888
1083,Blue Line,2024-12-19,36480.5,39.8,0.188,rain,0.0,8.425531914893616
1084,Blue Line,2024-12-20,31617.9,31.3,0.447,"rain,snow",1.4,8.23913043478261
1085,Blue Line,2024-12-21,22555.1,24.9,0.0,snow,2.5,5.409090909090909
1086,Blue Line,2024-12-22,17036.4,14.5,0.0,,0.0,5.311111111111111
1087,Blue Line,2024-12-23,27323.8,18.2,0.0,,0.0,8.565217391304348
1088,Blue Line,2024-12-24,21332.2,29.0,0.0,"rain,snow",0.8,9.046511627906977
1089,Blue Line,2024-12-25,9507.3,28.1,0.0,,0.0,5.0
1090,Blue Line,2024-12-26,25758.6,31.4,0.0,,0.0,8.106382978723405
1091,Blue Line,2024-12-27,29295.2,31.7,0.0,,0.0,8.795454545454545
1092,Blue Line,2024-12-28,22834.1,39.1,0.106,rain,0.0,5.409090909090909
1093,Blue Line,2024-12-29,19775.0,44.6,0.013,rain,0.0,5.204545454545454
1094,Blue Line,2024-12-30,28606.4,52.3,0.524,rain,0.0,8.58695652173913
1095,Blue Line,2024-12-31,27762.4,43.8,0.0,,0.0,9.069767441860465
1096,Blue Line,2025-01-01,15402.5,44.8,0.621,rain,0.0,5.777777777777778
1097,Blue Line,2025-01-02,28395.4,38.6,0.0,,0.0,8.434782608695652
1098,Blue Line,2025-01-03,29961.3,34.7,0.0,,0.0,8.71111111111111
1099,Blue Line,2025-01-04,22455.3,28.9,0.0,,0.0,5.042553191489362
1100,Blue Line,2025-01-05,17616.9,29.3,0.0,,0.0,5.066666666666666
1101,Blue Line,2025-01-06,30514.2,21.6,0.0,,0.0,8.361702127659575
1102,Blue Line,2025-01-07,32213.0,21.1,0.0,,0.0,8.23404255319149
1103,Blue Line,2025-01-08,31966.3,23.8,0.0,,0.0,8.688888888888888
1104,Blue Line,2025-01-09,31445.2,22.4,0.0,,0.0,8.755555555555556
1105,Blue Line,2025-01-10,32436.2,31.5,0.0,,0.0,8.297872340425531
1106,Blue Line,2025-01-11,20759.2,29.9,0.127,"rain,snow",0.5,5.386363636363637
1107,Blue Line,2025-01-12,18303.9,30.3,0.0,,0.0,5.255813953488372
1108,Blue Line,2025-01-13,32170.4,34.5,0.0,,0.0,8.25531914893617
1109,Blue Line,2025-01-14,34609.7,29.7,0.0,,0.0,8.777777777777779
1110,Blue Line,2025-01-15,34644.7,25.2,0.0,,0.0,8.282608695652174
1111,Blue Line,2025-01-16,35540.5,25.4,0.0,,0.0,8.733333333333333
1112,Blue Line,2025-01-17,34202.9,28.6,0.0,,0.0,8.909090909090908
1113,Blue Line,2025-01-18,23735.7,35.7,0.258,rain,0.0,5.1521739130434785
1114,Blue Line,2025-01-19,19117.7,38.8,0.262,"rain,snow",0.0,5.2272727272727275
1115,Blue Line,2025-01-20,19616.6,22.1,0.049,"rain,snow",1.9,5.5
1116,Blue Line,2025-01-21,31604.8,16.8,0.0,,0.0,8.25531914893617
1117,Blue Line,2025-01-22,31464.3,15.6,0.0,,0.0,9.0
1118,Blue Line,2025-01-23,34027.5,22.9,0.0,,0.0,8.777777777777779
1119,Blue Line,2025-01-24,32103.6,25.5,0.0,,0.0,8.391304347826088
1120,Blue Line,2025-01-25,22707.2,24.4,0.0,,0.0,5.195652173913044
1121,Blue Line,2025-01-26,16556.4,32.3,0.0,,0.0,4.666666666666667
1122,Blue Line,2025-01-27,33935.1,32.3,0.0,,0.0,8.688888888888888
1123,Blue Line,2025-01-28,34736.3,33.2,0.0,,0.0,8.083333333333334
1124,Blue Line,2025-01-29,32050.9,32.8,0.062,snow,0.0,8.608695652173912
1125,Blue Line,2025-01-30,33657.9,24.3,0.0,,0.0,8.521739130434783
1126,Blue Line,2025-01-31,29542.6,35.6,0.571,"rain,snow",0.0,8.521739130434783
1127,Blue Line,2025-02-01,20876.9,27.1,0.065,"rain,snow",0.4,5.311111111111111
1128,Blue Line,2025-02-02,16741.0,19.2,0.033,snow,0.0,5.177777777777778
1129,Blue Line,2025-02-03,31467.5,35.4,0.068,"rain,snow",0.4,8.717391304347826
1130,Blue Line,2025-02-04,35116.0,36.6,0.0,,0.0,8.48936170212766
1131,Blue Line,2025-02-05,34427.7,22.5,0.0,,0.0,9.136363636363637
1132,Blue Line,2025-02-06,29285.1,27.8,0.222,"rain,snow",2.1,8.652173913043478
1133,Blue Line,2025-02-07,33463.6,34.3,0.011,rain,0.0,8.863636363636363
1134,Blue Line,2025-02-08,23661.3,29.9,0.0,,0.0,5.260869565217392
1135,Blue Line,2025-02-09,14826.0,28.6,0.396,snow,4.9,4.9787234042553195
1136,Blue Line,2025-02-10,32188.3,29.5,0.0,,0.0,8.73913043478261
1137,Blue Line,2025-02-11,34884.2,26.5,0.0,,0.0,8.46808510638298
1138,Blue Line,2025-02-12,35366.0,30.3,0.0,,0.0,8.717391304347826
1139,Blue Line,2025-02-13,33231.7,36.3,0.439,"rain,snow",0.9,8.51063829787234
1140,Blue Line,2025-02-14,34119.6,30.5,0.0,,0.0,9.090909090909092
1141,Blue Line,2025-02-15,23488.1,25.4,0.189,snow,0.0,5.127659574468085
1142,Blue Line,2025-02-16,14869.5,32.9,1.517,"rain,snow",3.2,5.25
1143,Blue Line,2025-02-17,22321.1,26.8,0.0,,0.0,5.311111111111111
1144,Blue Line,2025-02-18,31526.5,21.2,0.0,,0.0,8.46808510638298
1145,Blue Line,2025-02-19,32889.9,23.1,0.0,,0.0,8.543478260869565
1146,Blue Line,2025-02-20,33775.2,24.1,0.0,,0.0,8.88888888888889
1147,Blue Line,2025-02-21,32158.3,26.9,0.0,,0.0,8.543478260869565
1148,Blue Line,2025-02-22,24182.1,26.8,0.0,,0.0,5.311111111111111
1149,Blue Line,2025-02-23,18172.8,34.7,0.0,,0.0,5.3023255813953485
1150,Blue Line,2025-02-24,33355.9,36.4,0.0,,0.0,8.782608695652174
1151,Blue Line,2025-02-25,35824.9,43.4,0.0,,0.0,8.673913043478262
1152,Blue Line,2025-02-26,36308.1,45.4,0.0,,0.0,8.46808510638298
1153,Blue Line,2025-02-27,35790.6,43.1,0.072,rain,0.0,8.866666666666667
1154,Blue Line,2025-02-28,35927.5,42.1,0.0,,0.0,8.954545454545455
