,route_or_line,date,gated_entries,temp,precip,preciptype,snow
0,Green Line,2022-01-01,13999.9,46.9,0.047,rain,0.0
1,Green Line,2022-01-02,14620.28,43.0,0.229,rain,0.0
2,Green Line,2022-01-03,20282.91,26.9,0.0,snow,0.1
3,Green Line,2022-01-04,22383.14,24.0,0.0,,0.0
4,Green Line,2022-01-05,22457.6,40.9,0.126,rain,0.0
5,Green Line,2022-01-06,23793.08,37.5,0.0,"rain,snow",0.2
6,Green Line,2022-01-07,16604.94,29.7,0.419,"rain,snow",3.4
7,Green Line,2022-01-08,20817.49,22.4,0.0,,0.0
8,Green Line,2022-01-09,14117.08,35.0,0.012,rain,0.0
9,Green Line,2022-01-10,23635.99,29.5,0.0,,0.0
10,Green Line,2022-01-11,18559.16,12.8,0.0,snow,0.0
11,Green Line,2022-01-12,23209.38,27.8,0.0,,0.0
12,Green Line,2022-01-13,24941.56,36.4,0.0,,0.0
13,Green Line,2022-01-14,26817.98,34.5,0.0,,0.0
14,Green Line,2022-01-15,21818.64,9.8,0.0,,0.0
15,Green Line,2022-01-16,19116.15,16.6,0.0,,0.0
16,Green Line,2022-01-17,20202.16,40.3,0.744,rain,0.0
17,Green Line,2022-01-18,28481.49,28.3,0.0,,0.0
18,Green Line,2022-01-19,28851.35,33.6,0.0,,0.0
19,Green Line,2022-01-20,28266.02,33.9,0.15,rain,0.2
20,Green Line,2022-01-21,28324.83,16.1,0.0,,0.0
21,Green Line,2022-01-22,23853.6,19.0,0.0,,0.0
22,Green Line,2022-01-23,16701.0,27.3,0.0,,0.0
23,Green Line,2022-01-24,24311.61,27.1,0.011,snow,0.0
24,Green Line,2022-01-25,28260.3,33.3,0.061,"rain,snow",0.2
25,Green Line,2022-01-26,26266.0,21.6,0.0,,0.0
26,Green Line,2022-01-27,29537.0,18.0,0.0,,0.0
27,Green Line,2022-01-28,33020.61,30.6,0.0,,0.0
28,Green Line,2022-01-29,5186.21,19.2,0.454,"rain,snow",0.9
29,Green Line,2022-01-30,20014.6,16.6,0.0,snow,0.2
30,Green Line,2022-01-31,31460.87,21.8,0.0,,0.0
31,Green Line,2022-02-01,33086.33,27.4,0.0,,0.0
32,Green Line,2022-02-02,33506.08,35.8,0.0,,0.0
33,Green Line,2022-02-03,32968.25,40.3,0.118,rain,0.0
34,Green Line,2022-02-04,28747.69,30.9,1.696,"rain,snow",0.0
35,Green Line,2022-02-05,32440.73,21.3,0.145,snow,0.0
36,Green Line,2022-02-06,20736.89,19.1,0.0,,0.0
37,Green Line,2022-02-07,31762.82,31.8,0.273,"rain,snow",0.0
38,Green Line,2022-02-08,33486.01,38.1,0.624,rain,0.0
39,Green Line,2022-02-09,34355.56,35.2,0.0,,0.0
40,Green Line,2022-02-10,35892.29,40.1,0.0,,0.0
41,Green Line,2022-02-11,39467.32,41.4,0.0,,0.0
42,Green Line,2022-02-12,38469.63,49.8,0.0,,0.0
43,Green Line,2022-02-13,23095.77,29.8,0.22,"rain,snow",0.4
44,Green Line,2022-02-14,35304.98,19.6,0.023,snow,0.8
45,Green Line,2022-02-15,32441.82,19.1,0.0,,0.0
46,Green Line,2022-02-16,35613.340000000004,31.3,0.0,,0.0
47,Green Line,2022-02-17,36552.55,53.3,0.0,,0.0
48,Green Line,2022-02-18,38251.09,45.4,0.336,rain,0.0
49,Green Line,2022-02-19,32415.08,28.0,0.0,,0.0
50,Green Line,2022-02-20,26186.03,25.0,0.0,,0.0
51,Green Line,2022-02-21,29176.559999999998,40.4,0.0,,0.0
52,Green Line,2022-02-22,32492.52,41.4,0.337,rain,0.0
53,Green Line,2022-02-23,37926.520000000004,54.5,0.02,rain,0.0
54,Green Line,2022-02-24,37299.54,27.0,0.0,,0.0
55,Green Line,2022-02-25,22078.32,26.8,0.633,"rain,snow",0.3
56,Green Line,2022-02-26,35036.52,23.1,0.0,snow,0.1
57,Green Line,2022-02-27,24638.71,30.8,0.0,,0.0
58,Green Line,2022-02-28,32496.850000000002,23.4,0.0,,0.0
59,Green Line,2022-03-01,36054.2,29.1,0.063,rain,0.0
60,Green Line,2022-03-02,35701.92,39.1,0.031,rain,0.0
61,Green Line,2022-03-03,41002.2,33.3,0.162,rain,0.0
62,Green Line,2022-03-04,39822.41,25.6,0.0,,0.0
63,Green Line,2022-03-05,34903.95,33.9,0.0,,0.0
64,Green Line,2022-03-06,24790.01,51.0,0.012,rain,0.0
65,Green Line,2022-03-07,32568.1,55.5,0.229,rain,0.0
66,Green Line,2022-03-08,35582.64,40.9,0.096,rain,0.0
67,Green Line,2022-03-09,34246.48,34.7,0.252,"rain,snow",0.0
68,Green Line,2022-03-10,37961.77,39.3,0.0,,0.0
69,Green Line,2022-03-11,38474.57,41.3,0.0,,0.0
70,Green Line,2022-03-12,27402.52,37.5,0.36,"rain,snow",0.0
71,Green Line,2022-03-13,25305.14,28.5,0.0,,0.0
72,Green Line,2022-03-14,32567.18,40.4,0.0,,0.0
73,Green Line,2022-03-15,36048.23,47.0,0.0,,0.0
74,Green Line,2022-03-16,38063.78,43.1,0.02,rain,0.0
75,Green Line,2022-03-17,38593.97,43.8,0.036,rain,0.0
76,Green Line,2022-03-18,46346.0,55.2,0.0,,0.0
77,Green Line,2022-03-19,36132.62,47.8,0.147,rain,0.0
78,Green Line,2022-03-20,30589.68,52.4,0.065,rain,0.0
79,Green Line,2022-03-21,37845.89,49.7,0.0,,0.0
80,Green Line,2022-03-22,41716.92,43.7,0.0,,0.0
81,Green Line,2022-03-23,41089.14,38.8,0.0,,0.0
82,Green Line,2022-03-24,41019.87,41.0,0.535,rain,0.0
83,Green Line,2022-03-25,45190.19,47.5,0.469,rain,0.0
84,Green Line,2022-03-26,41972.28,48.6,0.321,rain,0.0
85,Green Line,2022-03-27,25584.94,43.3,0.0,,0.0
86,Green Line,2022-03-28,25139.38,28.4,0.011,snow,0.0
87,Green Line,2022-03-29,29487.75,28.8,0.0,,0.0
88,Green Line,2022-03-30,33451.49,38.8,0.0,,0.0
89,Green Line,2022-03-31,33339.92,53.4,0.011,rain,0.0
90,Green Line,2022-04-01,38175.17,54.1,0.543,rain,0.0
91,Green Line,2022-04-02,36981.32,45.4,0.0,,0.0
92,Green Line,2022-04-03,22979.46,42.5,0.0,,0.0
93,Green Line,2022-04-04,31066.829999999998,46.9,0.011,rain,0.0
94,Green Line,2022-04-05,33803.62,49.8,0.0,,0.0
95,Green Line,2022-04-06,34777.48,45.0,0.114,rain,0.0
96,Green Line,2022-04-07,36731.07,44.5,0.0,,0.0
97,Green Line,2022-04-08,37488.63,53.9,0.174,rain,0.0
98,Green Line,2022-04-09,35346.17,49.4,0.113,rain,0.0
99,Green Line,2022-04-10,26340.5,47.5,0.0,,0.0
100,Green Line,2022-04-11,36698.37,50.8,0.0,,0.0
101,Green Line,2022-04-12,40966.65,57.5,0.032,rain,0.0
102,Green Line,2022-04-13,41849.09,59.7,0.0,,0.0
103,Green Line,2022-04-14,43783.26,48.1,0.168,rain,0.0
104,Green Line,2022-04-15,55875.88,56.6,0.061,rain,0.0
105,Green Line,2022-04-16,58309.73,58.2,0.13,rain,0.0
106,Green Line,2022-04-17,45857.28,45.3,0.243,rain,0.0
107,Green Line,2022-04-18,56739.54,45.0,0.0,,0.0
108,Green Line,2022-04-19,49178.06,48.5,0.479,rain,0.0
109,Green Line,2022-04-20,52597.17,48.8,0.0,,0.0
110,Green Line,2022-04-21,49813.01,50.5,0.0,,0.0
111,Green Line,2022-04-22,47452.28,57.0,0.0,,0.0
112,Green Line,2022-04-23,45105.45,51.1,0.0,,0.0
113,Green Line,2022-04-24,26352.23,46.8,0.0,,0.0
114,Green Line,2022-04-25,32513.47,48.7,0.0,,0.0
115,Green Line,2022-04-26,35388.23,49.8,0.116,rain,0.0
116,Green Line,2022-04-27,36375.91,51.9,0.204,rain,0.0
117,Green Line,2022-04-28,38818.7,45.8,0.0,,0.0
118,Green Line,2022-04-29,39300.69,47.4,0.0,,0.0
119,Green Line,2022-04-30,34680.24,47.1,0.0,,0.0
120,Green Line,2022-05-01,27597.13,53.4,0.0,,0.0
121,Green Line,2022-05-02,31371.89,49.8,0.134,rain,0.0
122,Green Line,2022-05-03,41028.53,48.4,0.122,rain,0.0
123,Green Line,2022-05-04,39215.27,49.8,0.091,rain,0.0
124,Green Line,2022-05-05,44849.62,58.2,0.0,,0.0
125,Green Line,2022-05-06,45370.57,55.9,0.0,,0.0
126,Green Line,2022-05-07,38876.98,49.0,0.0,,0.0
127,Green Line,2022-05-08,29004.26,47.9,0.0,,0.0
128,Green Line,2022-05-09,33330.96,49.1,0.0,,0.0
129,Green Line,2022-05-10,36914.88,51.8,0.0,,0.0
130,Green Line,2022-05-11,38193.4,51.2,0.0,,0.0
131,Green Line,2022-05-12,38165.38,54.4,0.0,,0.0
132,Green Line,2022-05-13,40961.95,61.8,0.0,,0.0
133,Green Line,2022-05-14,36951.89,74.1,0.0,,0.0
134,Green Line,2022-05-15,25621.33,69.5,0.011,rain,0.0
135,Green Line,2022-05-16,36766.94,66.3,0.081,rain,0.0
136,Green Line,2022-05-17,38497.02,65.1,0.011,rain,0.0
137,Green Line,2022-05-18,44587.87,61.9,0.0,,0.0
138,Green Line,2022-05-19,44248.14,57.4,0.011,rain,0.0
139,Green Line,2022-05-20,47332.01,57.2,0.0,,0.0
140,Green Line,2022-05-21,46090.41,60.8,0.023,rain,0.0
141,Green Line,2022-05-22,33686.47,69.9,0.089,rain,0.0
142,Green Line,2022-05-23,37566.79,64.5,0.0,,0.0
143,Green Line,2022-05-24,39384.27,56.3,0.0,,0.0
144,Green Line,2022-05-25,39069.74,58.3,0.0,,0.0
145,Green Line,2022-05-26,43457.98,61.2,0.0,,0.0
146,Green Line,2022-05-27,51606.56,69.8,0.0,,0.0
147,Green Line,2022-05-28,45333.2,68.5,0.714,rain,0.0
148,Green Line,2022-05-29,41236.96,66.5,0.0,,0.0
149,Green Line,2022-05-30,31130.6,74.9,0.0,,0.0
150,Green Line,2022-05-31,41777.49,65.4,0.006,rain,0.0
151,Green Line,2022-06-01,42149.65,56.7,0.09,rain,0.0
152,Green Line,2022-06-02,37486.32,57.7,0.097,rain,0.0
153,Green Line,2022-06-03,37996.59,56.6,0.015,rain,0.0
154,Green Line,2022-06-04,37672.45,61.1,0.0,,0.0
155,Green Line,2022-06-05,27999.15,66.2,0.0,,0.0
156,Green Line,2022-06-06,37168.32,67.1,0.0,,0.0
157,Green Line,2022-06-07,47270.03,70.3,0.0,,0.0
158,Green Line,2022-06-08,47896.71,71.6,0.241,rain,0.0
159,Green Line,2022-06-09,41814.06,70.5,0.843,rain,0.0
160,Green Line,2022-06-10,48848.43,69.8,0.0,,0.0
161,Green Line,2022-06-11,37349.48,70.6,0.0,,0.0
162,Green Line,2022-06-12,28699.22,69.1,0.0,,0.0
163,Green Line,2022-06-13,39348.979999999996,73.3,0.094,rain,0.0
164,Green Line,2022-06-14,48279.44,73.0,0.0,,0.0
165,Green Line,2022-06-15,49091.95,65.8,0.0,,0.0
166,Green Line,2022-06-16,53056.79,65.9,0.0,,0.0
167,Green Line,2022-06-17,50056.14,75.4,0.003,rain,0.0
168,Green Line,2022-06-18,47533.97,66.5,0.0,,0.0
169,Green Line,2022-06-19,32929.28,56.2,0.311,rain,0.0
170,Green Line,2022-06-20,41181.27,63.0,0.0,,0.0
171,Green Line,2022-06-21,49725.81,63.1,0.0,,0.0
172,Green Line,2022-06-22,51813.82,61.7,0.0,,0.0
173,Green Line,2022-06-23,44078.39,63.1,0.0,,0.0
174,Green Line,2022-06-24,35029.55,68.0,0.0,,0.0
175,Green Line,2022-06-25,28863.37,75.4,0.0,,0.0
176,Green Line,2022-06-26,25061.48,77.8,0.0,,0.0
177,Green Line,2022-06-27,35357.04,72.0,0.654,rain,0.0
178,Green Line,2022-06-28,44340.87,69.5,0.0,,0.0
179,Green Line,2022-06-29,44556.57,71.7,0.001,rain,0.0
180,Green Line,2022-06-30,44051.94,72.6,0.0,,0.0
181,Green Line,2022-07-01,43460.147,78.7,0.0,,0.0
182,Green Line,2022-07-02,36204.777,77.1,0.193,rain,0.0
183,Green Line,2022-07-03,32005.09,77.4,0.0,,0.0
184,Green Line,2022-07-04,35849.239,76.2,0.0,,0.0
185,Green Line,2022-07-05,46255.743,71.8,0.034,rain,0.0
186,Green Line,2022-07-06,51913.037,75.1,0.025,rain,0.0
187,Green Line,2022-07-07,53062.496,71.0,0.0,,0.0
188,Green Line,2022-07-08,54267.757,74.2,0.0,,0.0
189,Green Line,2022-07-09,47074.447,71.2,0.0,,0.0
190,Green Line,2022-07-10,43776.014,69.3,0.0,,0.0
191,Green Line,2022-07-11,43348.905,74.0,0.0,,0.0
192,Green Line,2022-07-12,50364.001,77.0,0.001,rain,0.0
193,Green Line,2022-07-13,50192.359,75.8,0.012,rain,0.0
194,Green Line,2022-07-14,49012.686,72.1,0.165,rain,0.0
195,Green Line,2022-07-15,52387.441,73.3,0.0,,0.0
196,Green Line,2022-07-16,42234.657,75.4,0.0,,0.0
197,Green Line,2022-07-17,31367.32,76.9,0.0,,0.0
198,Green Line,2022-07-18,42318.088,75.2,0.149,rain,0.0
199,Green Line,2022-07-19,48073.248999999996,82.5,0.023,rain,0.0
200,Green Line,2022-07-20,50820.497,83.8,0.0,,0.0
201,Green Line,2022-07-21,48165.882,82.5,0.0,,0.0
202,Green Line,2022-07-22,56854.441,84.6,0.0,,0.0
203,Green Line,2022-07-23,44954.502,84.1,0.0,,0.0
204,Green Line,2022-07-24,34211.797,86.9,0.0,,0.0
205,Green Line,2022-07-25,44813.225,84.0,0.0,,0.0
206,Green Line,2022-07-26,54205.696,76.8,0.0,,0.0
207,Green Line,2022-07-27,54354.229,72.6,0.0,,0.0
208,Green Line,2022-07-28,53398.287,77.3,0.043,rain,0.0
209,Green Line,2022-07-29,54235.33,82.5,0.0,,0.0
210,Green Line,2022-07-30,45870.476,80.6,0.0,,0.0
211,Green Line,2022-07-31,37384.755,77.0,0.0,,0.0
212,Green Line,2022-08-01,40586.966,75.9,0.012,rain,0.0
213,Green Line,2022-08-02,45541.197,79.6,0.0,,0.0
214,Green Line,2022-08-03,45303.029,76.2,0.0,,0.0
215,Green Line,2022-08-04,44667.991,83.0,0.0,,0.0
216,Green Line,2022-08-05,44683.617,80.7,0.064,rain,0.0
217,Green Line,2022-08-06,39036.75,83.1,0.004,rain,0.0
218,Green Line,2022-08-07,27394.404,85.2,0.037,rain,0.0
219,Green Line,2022-08-08,36517.368,86.0,0.0,,0.0
220,Green Line,2022-08-09,47796.004,83.1,0.159,rain,0.0
221,Green Line,2022-08-10,50938.412,68.0,0.0,,0.0
222,Green Line,2022-08-11,49220.718,70.6,0.0,,0.0
223,Green Line,2022-08-12,45408.218,72.4,0.0,,0.0
224,Green Line,2022-08-13,44682.057,67.6,0.0,,0.0
225,Green Line,2022-08-14,35252.284,71.2,0.0,,0.0
226,Green Line,2022-08-15,36569.17,70.1,0.0,,0.0
227,Green Line,2022-08-16,40461.76,70.5,0.0,,0.0
228,Green Line,2022-08-17,40067.388,70.5,0.012,rain,0.0
229,Green Line,2022-08-18,45214.132,74.1,0.0,,0.0
230,Green Line,2022-08-19,44843.595,80.7,0.0,,0.0
231,Green Line,2022-08-20,46885.681000000004,78.5,0.0,,0.0
232,Green Line,2022-08-21,35683.304000000004,77.4,0.0,,0.0
233,Green Line,2022-08-22,31441.64,69.5,0.441,rain,0.0
234,Green Line,2022-08-23,48070.2,70.1,0.028,rain,0.0
235,Green Line,2022-08-24,50861.827,72.6,0.0,,0.0
236,Green Line,2022-08-25,45251.767,77.2,0.0,,0.0
237,Green Line,2022-08-26,39277.72,76.4,0.405,rain,0.0
238,Green Line,2022-08-27,43512.62,71.4,0.0,,0.0
239,Green Line,2022-08-28,33533.98,70.9,0.0,,0.0
240,Green Line,2022-08-29,38382.38,75.8,0.0,,0.0
241,Green Line,2022-08-30,41294.4,79.6,0.0,,0.0
242,Green Line,2022-08-31,43062.74,77.0,0.329,rain,0.0
243,Green Line,2022-09-01,54235.84,72.8,0.0,,0.0
244,Green Line,2022-09-02,54160.9,63.7,0.0,,0.0
245,Green Line,2022-09-03,50494.18,66.9,0.0,,0.0
246,Green Line,2022-09-04,44723.0,72.7,0.0,,0.0
247,Green Line,2022-09-05,29748.627,68.5,0.387,rain,0.0
248,Green Line,2022-09-06,50197.04,63.9,0.654,rain,0.0
249,Green Line,2022-09-07,54298.58,65.4,0.0,,0.0
250,Green Line,2022-09-08,61695.967000000004,64.6,0.0,,0.0
251,Green Line,2022-09-09,52489.48,66.3,0.0,,0.0
252,Green Line,2022-09-10,51214.06,72.3,0.0,,0.0
253,Green Line,2022-09-11,27444.64,73.6,0.0,,0.0
254,Green Line,2022-09-12,47432.54,70.3,0.0,,0.0
255,Green Line,2022-09-13,52743.54,69.8,0.153,rain,0.0
256,Green Line,2022-09-14,59935.5,71.6,0.0,,0.0
257,Green Line,2022-09-15,54324.2,65.5,0.0,,0.0
258,Green Line,2022-09-16,59289.68,62.9,0.0,,0.0
259,Green Line,2022-09-17,54624.44,60.3,0.0,,0.0
260,Green Line,2022-09-18,40345.42,72.0,0.0,,0.0
261,Green Line,2022-09-19,43418.802,63.7,0.385,rain,0.0
262,Green Line,2022-09-20,49430.320999999996,60.4,0.011,rain,0.0
263,Green Line,2022-09-21,51049.841,62.1,0.001,rain,0.0
264,Green Line,2022-09-22,47236.086,64.3,0.743,rain,0.0
265,Green Line,2022-09-23,54724.603,54.4,0.0,,0.0
266,Green Line,2022-09-24,49962.409999999996,57.8,0.0,,0.0
267,Green Line,2022-09-25,34569.899,61.1,0.0,,0.0
268,Green Line,2022-09-26,47682.703,65.5,0.269,rain,0.0
269,Green Line,2022-09-27,53532.603,65.3,0.0,,0.0
270,Green Line,2022-09-28,54787.863,62.9,0.0,,0.0
271,Green Line,2022-09-29,54776.567,58.0,0.0,,0.0
272,Green Line,2022-09-30,54452.205,53.8,0.0,,0.0
273,Green Line,2022-10-01,44046.417,55.0,0.024,rain,0.0
274,Green Line,2022-10-02,34469.314,55.0,0.0,,0.0
275,Green Line,2022-10-03,48608.277,53.4,0.0,,0.0
276,Green Line,2022-10-04,54100.604999999996,55.1,0.247,rain,0.0
277,Green Line,2022-10-05,51934.689,56.4,0.65,rain,0.0
278,Green Line,2022-10-06,52881.551999999996,62.3,0.118,rain,0.0
279,Green Line,2022-10-07,53220.436,66.0,0.0,,0.0
280,Green Line,2022-10-08,52679.756,54.6,0.012,rain,0.0
281,Green Line,2022-10-09,39070.070999999996,53.0,0.0,,0.0
282,Green Line,2022-10-10,39341.817,55.5,0.031,rain,0.0
283,Green Line,2022-10-11,50108.398,56.6,0.0,,0.0
284,Green Line,2022-10-12,52444.71,61.7,0.0,,0.0
285,Green Line,2022-10-13,53018.021,61.7,0.892,rain,0.0
286,Green Line,2022-10-14,52338.481,63.8,1.313,rain,0.0
287,Green Line,2022-10-15,54231.45,59.9,0.0,,0.0
288,Green Line,2022-10-16,35753.245,57.8,0.0,,0.0
289,Green Line,2022-10-17,43654.831,55.7,0.253,rain,0.0
290,Green Line,2022-10-18,48848.108,61.0,0.189,rain,0.0
291,Green Line,2022-10-19,49570.336,50.7,0.0,,0.0
292,Green Line,2022-10-20,53950.151,49.9,0.0,,0.0
293,Green Line,2022-10-21,55852.427,53.1,0.0,,0.0
294,Green Line,2022-10-22,55535.546,56.7,0.0,,0.0
295,Green Line,2022-10-23,33649.334,54.2,0.078,rain,0.0
296,Green Line,2022-10-24,44791.874,56.1,0.101,rain,0.0
297,Green Line,2022-10-25,51051.291,59.1,0.056,rain,0.0
298,Green Line,2022-10-26,48851.376,60.5,0.355,rain,0.0
299,Green Line,2022-10-27,54862.573000000004,61.4,0.0,,0.0
300,Green Line,2022-10-28,56583.16,46.8,0.0,,0.0
301,Green Line,2022-10-29,54123.124,47.8,0.0,,0.0
302,Green Line,2022-10-30,35846.138,50.2,0.0,,0.0
303,Green Line,2022-10-31,45027.728,56.4,0.0,,0.0
304,Green Line,2022-11-01,47170.494,60.9,0.04,rain,0.0
305,Green Line,2022-11-02,49234.631,59.0,0.0,,0.0
306,Green Line,2022-11-03,50522.568,54.0,0.0,,0.0
307,Green Line,2022-11-04,55656.762,59.9,0.0,,0.0
308,Green Line,2022-11-05,50001.909,65.6,0.0,,0.0
309,Green Line,2022-11-06,37566.078,69.6,0.0,,0.0
310,Green Line,2022-11-07,45159.412,67.9,0.001,rain,0.0
311,Green Line,2022-11-08,51709.584,49.4,0.0,,0.0
312,Green Line,2022-11-09,52536.43,43.0,0.0,,0.0
313,Green Line,2022-11-10,54114.866,55.6,0.0,,0.0
314,Green Line,2022-11-11,51434.599,62.6,0.324,rain,0.0
315,Green Line,2022-11-12,51667.001000000004,67.5,0.136,rain,0.0
316,Green Line,2022-11-13,34094.466,50.9,0.114,rain,0.0
317,Green Line,2022-11-14,45404.826,39.9,0.0,,0.0
318,Green Line,2022-11-15,46004.237,38.0,0.001,rain,0.0
319,Green Line,2022-11-16,47287.037,46.6,0.765,rain,0.0
320,Green Line,2022-11-17,52698.49,41.0,0.0,,0.0
321,Green Line,2022-11-18,53117.413,38.5,0.0,,0.0
322,Green Line,2022-11-19,49822.622,36.9,0.0,,0.0
323,Green Line,2022-11-20,32089.757,33.7,0.0,,0.0
324,Green Line,2022-11-21,42576.981,32.7,0.0,,0.0
325,Green Line,2022-11-22,44905.96,41.4,0.0,,0.0
326,Green Line,2022-11-23,40575.255,44.0,0.0,,0.0
327,Green Line,2022-11-24,13155.617,39.1,0.0,,0.0
328,Green Line,2022-11-25,37970.583,47.0,0.012,rain,0.0
329,Green Line,2022-11-26,36972.454,45.6,0.0,,0.0
330,Green Line,2022-11-27,27002.091,49.3,0.563,rain,0.0
331,Green Line,2022-11-28,43583.694,49.8,0.077,rain,0.0
332,Green Line,2022-11-29,48693.863,38.5,0.0,,0.0
333,Green Line,2022-11-30,50221.587,49.0,0.668,rain,0.0
334,Green Line,2022-12-01,48873.915,39.9,0.0,,0.0
335,Green Line,2022-12-02,52538.587,39.3,0.0,,0.0
336,Green Line,2022-12-03,41375.901,50.3,0.163,rain,0.0
337,Green Line,2022-12-04,32808.179000000004,39.7,0.0,,0.0
338,Green Line,2022-12-05,41266.455,39.3,0.0,,0.0
339,Green Line,2022-12-06,44883.869,47.5,0.093,rain,0.0
340,Green Line,2022-12-07,45032.58,53.5,0.838,rain,0.0
341,Green Line,2022-12-08,49633.013,48.6,0.0,,0.0
342,Green Line,2022-12-09,46835.005,39.0,0.0,,0.0
343,Green Line,2022-12-10,45670.419,32.7,0.0,,0.0
344,Green Line,2022-12-11,32791.304,28.6,0.038,snow,0.0
345,Green Line,2022-12-12,51197.092,28.4,0.0,snow,0.2
346,Green Line,2022-12-13,56500.939,33.3,0.0,,0.0
347,Green Line,2022-12-14,53919.127,31.2,0.0,,0.0
348,Green Line,2022-12-15,55351.731,39.3,0.02,rain,0.0
349,Green Line,2022-12-16,44547.703,43.3,1.146,rain,0.0
350,Green Line,2022-12-17,48278.039,39.0,0.178,"rain,snow",0.0
351,Green Line,2022-12-18,35701.88,36.4,0.0,,0.0
352,Green Line,2022-12-19,42853.932,35.2,0.0,,0.0
353,Green Line,2022-12-20,45982.582,34.0,0.0,,0.0
354,Green Line,2022-12-21,44313.057,32.3,0.0,,0.0
355,Green Line,2022-12-22,39097.872,37.5,0.109,rain,0.0
356,Green Line,2022-12-23,25965.442,45.9,0.737,rain,0.0
357,Green Line,2022-12-24,16883.569,15.4,0.0,,0.0
358,Green Line,2022-12-25,9865.37,20.1,0.0,,0.0
359,Green Line,2022-12-26,23298.011,27.2,0.0,,0.0
360,Green Line,2022-12-27,34827.367,30.7,0.0,,0.0
361,Green Line,2022-12-28,36732.059,34.2,0.0,,0.0
362,Green Line,2022-12-29,40764.081,41.4,0.0,,0.0
363,Green Line,2022-12-30,43758.753000000004,49.7,0.0,,0.0
364,Green Line,2022-12-31,35811.34,50.0,0.306,rain,0.0
365,Green Line,2023-01-01,22745.689,50.8,0.103,rain,0.0
366,Green Line,2023-01-02,33941.002,43.4,0.0,,0.0
367,Green Line,2023-01-03,37541.853,40.0,0.48,rain,0.0
368,Green Line,2023-01-04,42873.251,42.0,0.282,rain,0.0
369,Green Line,2023-01-05,44336.935,40.8,0.152,rain,0.0
370,Green Line,2023-01-06,39676.568,34.5,0.195,"rain,snow",0.0
371,Green Line,2023-01-07,42019.47,37.7,0.0,,0.0
372,Green Line,2023-01-08,24479.579999999998,30.4,0.0,,0.0
373,Green Line,2023-01-09,41810.437,35.4,0.0,,0.0
374,Green Line,2023-01-10,45145.662,36.0,0.0,,0.0
375,Green Line,2023-01-11,47517.568,29.1,0.0,,0.0
376,Green Line,2023-01-12,48022.003000000004,36.9,0.168,"rain,snow",0.0
377,Green Line,2023-01-13,44232.077,52.7,0.482,rain,0.0
378,Green Line,2023-01-14,44878.803,34.4,0.064,"rain,snow",0.0
379,Green Line,2023-01-15,32064.354,32.8,0.023,"rain,snow",1.4
380,Green Line,2023-01-16,32223.974000000002,31.9,0.104,"rain,snow",0.9
381,Green Line,2023-01-17,48613.077,40.0,0.012,rain,0.0
382,Green Line,2023-01-18,50087.979,45.3,0.031,rain,0.0
383,Green Line,2023-01-19,53279.386,38.4,0.412,rain,0.0
384,Green Line,2023-01-20,47238.144,34.1,0.661,"rain,snow",0.9
385,Green Line,2023-01-21,46277.894,30.7,0.0,"rain,snow",0.2
386,Green Line,2023-01-22,31959.321,32.2,0.207,"rain,snow",0.0
387,Green Line,2023-01-23,40664.827,34.4,0.917,"rain,snow",0.3
388,Green Line,2023-01-24,50849.969,34.5,0.0,,0.0
389,Green Line,2023-01-25,50537.022,35.4,0.212,"rain,snow",0.1
390,Green Line,2023-01-26,53307.199,45.2,0.833,rain,0.0
391,Green Line,2023-01-27,53643.709,35.5,0.0,,0.0
392,Green Line,2023-01-28,52560.327,40.7,0.0,,0.0
393,Green Line,2023-01-29,33222.916,43.6,0.0,,0.0
394,Green Line,2023-01-30,43513.989,42.2,0.0,,0.0
395,Green Line,2023-01-31,50353.752,33.1,0.044,"rain,snow",0.1
396,Green Line,2023-02-01,52139.331,25.9,0.0,,0.0
397,Green Line,2023-02-02,52956.784999999996,30.9,0.0,,0.0
398,Green Line,2023-02-03,33613.949,18.2,0.0,,0.0
399,Green Line,2023-02-04,22295.869,3.1,0.0,,0.0
400,Green Line,2023-02-05,31832.267,35.3,0.0,,0.0
401,Green Line,2023-02-06,45157.252,40.3,0.0,,0.0
402,Green Line,2023-02-07,50194.851,29.6,0.03,"rain,snow",0.0
403,Green Line,2023-02-08,52604.926999999996,41.7,0.0,,0.0
404,Green Line,2023-02-09,49675.0,40.8,0.0,,0.0
405,Green Line,2023-02-10,54604.721,47.6,0.0,,0.0
406,Green Line,2023-02-11,46416.002,40.0,0.0,,0.0
407,Green Line,2023-02-12,31562.517,39.8,0.0,,0.0
408,Green Line,2023-02-13,44713.313,39.7,0.0,,0.0
409,Green Line,2023-02-14,53111.737,43.0,0.0,,0.0
410,Green Line,2023-02-15,52122.654,45.4,0.0,,0.0
411,Green Line,2023-02-16,51239.736,55.7,0.011,rain,0.0
412,Green Line,2023-02-17,49735.476,46.8,0.074,rain,0.0
413,Green Line,2023-02-18,50295.811,30.9,0.0,,0.0
414,Green Line,2023-02-19,37378.077,39.6,0.0,,0.0
415,Green Line,2023-02-20,37414.425,51.4,0.0,,0.0
416,Green Line,2023-02-21,48930.273,38.8,0.164,"rain,snow",0.7
417,Green Line,2023-02-22,52627.699,39.2,0.159,"rain,snow",0.0
418,Green Line,2023-02-23,45023.909,31.1,0.505,"rain,snow",1.8
419,Green Line,2023-02-24,49725.422,29.5,0.086,"rain,snow",0.0
420,Green Line,2023-02-25,37766.597,17.1,0.011,snow,0.0
421,Green Line,2023-02-26,30727.145,26.9,0.0,,0.0
422,Green Line,2023-02-27,43824.8,29.1,0.0,,0.0
423,Green Line,2023-02-28,36417.077,34.1,0.273,"rain,snow",2.3
424,Green Line,2023-03-01,54468.335,36.8,0.0,,0.0
425,Green Line,2023-03-02,52254.934,40.2,0.572,rain,0.0
426,Green Line,2023-03-03,53693.133,38.2,0.0,,0.0
427,Green Line,2023-03-04,35317.239,34.3,0.342,"rain,snow",3.9
428,Green Line,2023-03-05,33433.685,36.8,0.0,,0.0
429,Green Line,2023-03-06,44639.452,41.2,0.0,,0.0
430,Green Line,2023-03-07,50171.936,34.6,0.0,,0.0
431,Green Line,2023-03-08,51005.464,38.1,0.0,,0.0
432,Green Line,2023-03-09,52214.991,39.7,0.0,,0.0
433,Green Line,2023-03-10,49157.147,39.4,0.0,,0.0
434,Green Line,2023-03-11,39582.824,37.3,0.062,"rain,snow",0.0
435,Green Line,2023-03-12,30297.809,36.8,0.0,,0.0
436,Green Line,2023-03-13,45351.709,39.3,0.198,rain,0.0
437,Green Line,2023-03-14,31716.826,37.6,2.324,"rain,snow",2.0
438,Green Line,2023-03-15,50066.789,37.6,0.043,"rain,snow",1.0
439,Green Line,2023-03-16,57795.737,42.0,0.0,,0.0
440,Green Line,2023-03-17,58437.684,45.8,0.0,,0.0
441,Green Line,2023-03-18,54523.278,47.4,0.0,,0.0
442,Green Line,2023-03-19,35701.943,34.9,0.0,,0.0
443,Green Line,2023-03-20,46219.634,39.6,0.0,,0.0
444,Green Line,2023-03-21,53422.324,47.4,0.0,,0.0
445,Green Line,2023-03-22,52303.115,45.3,0.0,,0.0
446,Green Line,2023-03-23,55482.018000000004,52.4,0.0,,0.0
447,Green Line,2023-03-24,56116.378000000004,47.7,0.0,,0.0
448,Green Line,2023-03-25,45767.59,38.4,0.044,rain,0.0
449,Green Line,2023-03-26,39810.441,48.4,0.03,rain,0.0
450,Green Line,2023-03-27,45284.567,46.2,0.161,rain,0.0
451,Green Line,2023-03-28,51839.344,40.3,0.394,rain,0.0
452,Green Line,2023-03-29,52657.854,40.2,0.0,,0.0
453,Green Line,2023-03-30,61134.047,37.4,0.0,,0.0
454,Green Line,2023-03-31,55134.414,38.4,0.146,rain,0.0
455,Green Line,2023-04-01,47152.333,48.4,0.325,rain,0.0
456,Green Line,2023-04-02,38501.926,45.4,0.0,,0.0
457,Green Line,2023-04-03,53113.091,42.6,0.0,,0.0
458,Green Line,2023-04-04,59293.445,47.9,0.0,,0.0
459,Green Line,2023-04-05,59399.964,43.3,0.0,,0.0
460,Green Line,2023-04-06,59361.523,43.8,0.008,rain,0.0
461,Green Line,2023-04-07,61265.437,51.4,0.0,,0.0
462,Green Line,2023-04-08,47038.921,41.8,0.0,,0.0
463,Green Line,2023-04-09,33592.638,42.4,0.0,,0.0
464,Green Line,2023-04-10,48095.978,48.6,0.0,,0.0
465,Green Line,2023-04-11,55506.433,61.9,0.0,,0.0
466,Green Line,2023-04-12,54381.435,65.5,0.0,,0.0
467,Green Line,2023-04-13,59351.87,69.2,0.0,,0.0
468,Green Line,2023-04-14,69961.112,68.3,0.0,,0.0
469,Green Line,2023-04-15,71458.539,51.5,0.0,,0.0
470,Green Line,2023-04-16,53956.246,50.5,0.0,,0.0
471,Green Line,2023-04-17,62926.364,48.8,0.082,rain,0.0
472,Green Line,2023-04-18,62520.526,53.4,0.0,,0.0
473,Green Line,2023-04-19,61486.114,48.7,0.0,,0.0
474,Green Line,2023-04-20,62173.036,48.5,0.0,,0.0
475,Green Line,2023-04-21,55833.542,47.9,0.0,,0.0
476,Green Line,2023-04-22,46965.868,47.9,0.0,,0.0
477,Green Line,2023-04-23,26702.04,49.2,0.726,rain,0.0
478,Green Line,2023-04-24,44418.604,49.8,0.019,rain,0.0
479,Green Line,2023-04-25,53770.575,50.0,0.0,,0.0
480,Green Line,2023-04-26,53933.011,48.4,0.001,rain,0.0
481,Green Line,2023-04-27,54328.234,50.3,0.043,rain,0.0
482,Green Line,2023-04-28,60211.827,50.7,0.0,,0.0
483,Green Line,2023-04-29,49067.226,49.8,0.015,rain,0.0
484,Green Line,2023-04-30,32603.061,50.4,1.433,rain,0.0
485,Green Line,2023-05-01,49982.124,57.5,0.323,rain,0.0
486,Green Line,2023-05-02,55383.915,51.6,0.162,rain,0.0
487,Green Line,2023-05-03,58812.075,49.6,0.034,rain,0.0
488,Green Line,2023-05-04,60306.62,46.9,0.012,rain,0.0
489,Green Line,2023-05-05,53974.468,49.8,0.019,rain,0.0
490,Green Line,2023-05-06,47831.829,63.9,0.0,,0.0
491,Green Line,2023-05-07,35426.073000000004,68.9,0.0,,0.0
492,Green Line,2023-05-08,44371.506,66.4,0.012,rain,0.0
493,Green Line,2023-05-09,53859.13,53.6,0.0,,0.0
494,Green Line,2023-05-10,55572.682,61.8,0.0,,0.0
495,Green Line,2023-05-11,54975.498,68.0,0.0,,0.0
496,Green Line,2023-05-12,60925.512,71.7,0.0,,0.0
497,Green Line,2023-05-13,48451.349,72.7,0.0,,0.0
498,Green Line,2023-05-14,36277.647,59.4,0.0,,0.0
499,Green Line,2023-05-15,48782.869,63.3,0.0,,0.0
500,Green Line,2023-05-16,56420.171,69.7,0.0,,0.0
501,Green Line,2023-05-17,62142.007,54.6,0.0,,0.0
502,Green Line,2023-05-18,56593.573000000004,51.5,0.0,,0.0
503,Green Line,2023-05-19,57457.476,57.6,0.0,,0.0
504,Green Line,2023-05-20,37155.405,60.1,0.705,rain,0.0
505,Green Line,2023-05-21,35364.741,67.6,1.124,rain,0.0
506,Green Line,2023-05-22,44405.544,57.5,0.0,,0.0
507,Green Line,2023-05-23,52605.738,54.5,0.0,,0.0
508,Green Line,2023-05-24,51442.448,57.5,0.033,rain,0.0
509,Green Line,2023-05-25,53982.048,57.7,0.0,,0.0
510,Green Line,2023-05-26,49810.523,56.6,0.0,,0.0
511,Green Line,2023-05-27,45308.153,64.2,0.0,,0.0
512,Green Line,2023-05-28,35802.644,73.2,0.0,,0.0
513,Green Line,2023-05-29,36564.455,62.2,0.0,,0.0
514,Green Line,2023-05-30,54831.51,56.5,0.0,,0.0
515,Green Line,2023-05-31,58062.15,62.0,0.0,,0.0
516,Green Line,2023-06-01,58071.527,71.6,0.0,,0.0
517,Green Line,2023-06-02,57343.975,71.4,0.373,rain,0.0
518,Green Line,2023-06-03,48603.236,51.7,0.094,rain,0.0
519,Green Line,2023-06-04,34064.215,50.2,0.096,rain,0.0
520,Green Line,2023-06-05,51192.380000000005,55.2,0.084,rain,0.0
521,Green Line,2023-06-06,55168.474,64.4,0.0,,0.0
522,Green Line,2023-06-07,55129.79,61.3,0.0,,0.0
523,Green Line,2023-06-08,55902.923,59.3,0.012,rain,0.0
524,Green Line,2023-06-09,53022.405,57.9,0.051,rain,0.0
525,Green Line,2023-06-10,53137.888,58.8,0.337,rain,0.0
526,Green Line,2023-06-11,29486.514,66.5,0.0,,0.0
527,Green Line,2023-06-12,49411.093,68.8,0.006,rain,0.0
528,Green Line,2023-06-13,51127.348,64.1,0.003,rain,0.0
529,Green Line,2023-06-14,49306.593,65.2,0.111,rain,0.0
530,Green Line,2023-06-15,44973.257,69.7,0.0,,0.0
531,Green Line,2023-06-16,50673.616,71.8,0.002,rain,0.0
532,Green Line,2023-06-17,32227.351,63.2,0.701,rain,0.0
533,Green Line,2023-06-18,37358.82,62.2,0.143,rain,0.0
534,Green Line,2023-06-19,31571.391,62.2,0.0,,0.0
535,Green Line,2023-06-20,42387.33,60.8,0.0,,0.0
536,Green Line,2023-06-21,41402.570999999996,61.6,0.0,,0.0
537,Green Line,2023-06-22,41158.149,62.3,0.0,,0.0
538,Green Line,2023-06-23,43303.464,66.5,0.0,,0.0
539,Green Line,2023-06-24,36372.47,72.9,0.052,rain,0.0
540,Green Line,2023-06-25,33519.195999999996,76.1,0.019,rain,0.0
541,Green Line,2023-06-26,43133.917,73.5,0.002,rain,0.0
542,Green Line,2023-06-27,56221.958,73.3,0.565,rain,0.0
543,Green Line,2023-06-28,56955.219,72.9,0.604,rain,0.0
544,Green Line,2023-06-29,59569.339,72.4,0.0,,0.0
545,Green Line,2023-06-30,49185.17,70.7,0.0,,0.0
546,Green Line,2023-07-01,42814.341,66.6,0.0,,0.0
547,Green Line,2023-07-02,30451.525,69.6,0.326,rain,0.0
548,Green Line,2023-07-03,41951.304,68.7,0.561,rain,0.0
549,Green Line,2023-07-04,36162.555,68.2,0.478,rain,0.0
550,Green Line,2023-07-05,50241.335,75.0,0.0,,0.0
551,Green Line,2023-07-06,53938.46,79.1,0.0,,0.0
552,Green Line,2023-07-07,54130.661,77.9,0.0,,0.0
553,Green Line,2023-07-08,51877.138,73.4,0.0,,0.0
554,Green Line,2023-07-09,40712.326,71.8,0.001,rain,0.0
555,Green Line,2023-07-10,40031.613,68.3,0.719,rain,0.0
556,Green Line,2023-07-11,48719.044,77.5,0.0,,0.0
557,Green Line,2023-07-12,47466.835,81.2,0.0,,0.0
558,Green Line,2023-07-13,47621.338,78.7,0.0,,0.0
559,Green Line,2023-07-14,46719.595,74.8,0.127,rain,0.0
560,Green Line,2023-07-15,15852.52,78.1,0.0,,0.0
561,Green Line,2023-07-16,6807.481,75.9,1.674,rain,0.0
562,Green Line,2023-07-17,46071.320999999996,80.6,0.0,,0.0
563,Green Line,2023-07-18,52298.147,77.9,0.003,rain,0.0
564,Green Line,2023-07-19,55534.538,79.1,0.0,,0.0
565,Green Line,2023-07-20,57995.518,74.4,0.0,,0.0
566,Green Line,2023-07-21,61083.704,69.6,1.225,rain,0.0
567,Green Line,2023-07-22,55790.441,70.9,0.021,rain,0.0
568,Green Line,2023-07-23,45757.923,76.1,0.0,,0.0
569,Green Line,2023-07-24,48626.482,77.6,0.0,,0.0
570,Green Line,2023-07-25,62668.134,74.0,0.543,rain,0.0
571,Green Line,2023-07-26,64138.625,78.0,0.0,,0.0
572,Green Line,2023-07-27,52149.908,78.7,0.23,rain,0.0
573,Green Line,2023-07-28,51137.65,80.7,0.0,,0.0
574,Green Line,2023-07-29,35090.101,76.9,1.729,rain,0.0
575,Green Line,2023-07-30,35894.637,69.8,0.001,rain,0.0
576,Green Line,2023-07-31,44070.598,73.0,0.0,,0.0
577,Green Line,2023-08-01,52607.729,70.9,0.0,,0.0
578,Green Line,2023-08-02,55052.585,66.8,0.0,,0.0
579,Green Line,2023-08-03,48955.616,70.5,0.0,,0.0
580,Green Line,2023-08-04,50122.134,71.8,0.0,,0.0
581,Green Line,2023-08-05,52293.457,71.4,0.0,,0.0
582,Green Line,2023-08-06,41551.696,74.5,0.0,,0.0
583,Green Line,2023-08-07,45890.051,69.5,0.003,rain,0.0
584,Green Line,2023-08-08,46419.251,74.0,1.286,rain,0.0
585,Green Line,2023-08-09,51192.532,77.1,0.0,,0.0
586,Green Line,2023-08-10,54410.669,75.9,0.039,rain,0.0
587,Green Line,2023-08-11,54133.75,75.1,0.052,rain,0.0
588,Green Line,2023-08-12,48406.603,72.8,0.0,,0.0
589,Green Line,2023-08-13,38639.543,77.9,0.07,rain,0.0
590,Green Line,2023-08-14,39803.661,77.1,0.0,,0.0
591,Green Line,2023-08-15,45630.306,69.0,0.633,rain,0.0
592,Green Line,2023-08-16,53421.506,67.5,0.0,,0.0
593,Green Line,2023-08-17,52105.007,67.5,0.0,,0.0
594,Green Line,2023-08-18,47837.201,71.6,0.916,rain,0.0
595,Green Line,2023-08-19,45412.705,68.8,0.0,,0.0
596,Green Line,2023-08-20,32820.287,74.1,0.0,,0.0
597,Green Line,2023-08-21,42372.955,76.0,0.288,rain,0.0
598,Green Line,2023-08-22,48094.175,69.7,0.0,,0.0
599,Green Line,2023-08-23,48918.974,67.1,0.0,,0.0
600,Green Line,2023-08-24,49216.462,68.5,0.0,,0.0
601,Green Line,2023-08-25,46428.638,67.4,1.784,rain,0.0
602,Green Line,2023-08-26,50544.555,74.7,0.0,,0.0
603,Green Line,2023-08-27,41852.782999999996,68.8,0.0,,0.0
604,Green Line,2023-08-28,46794.704,66.1,0.0,,0.0
605,Green Line,2023-08-29,48172.217,67.0,0.058,rain,0.0
606,Green Line,2023-08-30,46013.969,72.4,0.765,rain,0.0
607,Green Line,2023-08-31,45562.021,66.8,0.0,,0.0
608,Green Line,2023-09-01,47206.489,63.9,0.0,,0.0
609,Green Line,2023-09-02,44332.014,68.5,0.0,,0.0
610,Green Line,2023-09-03,40982.162,73.0,0.011,rain,0.0
611,Green Line,2023-09-04,34555.98,72.8,0.0,,0.0
612,Green Line,2023-09-05,49209.926,75.4,0.0,,0.0
613,Green Line,2023-09-06,53002.45,78.4,0.0,,0.0
614,Green Line,2023-09-07,51709.933,82.5,0.0,,0.0
615,Green Line,2023-09-08,58822.649,78.8,0.008,rain,0.0
616,Green Line,2023-09-09,50435.919,75.5,0.139,rain,0.0
617,Green Line,2023-09-10,37337.271,70.9,0.212,rain,0.0
618,Green Line,2023-09-11,52003.928,69.9,0.304,rain,0.0
619,Green Line,2023-09-12,61493.262,71.4,0.181,rain,0.0
620,Green Line,2023-09-13,58663.496,70.9,0.537,rain,0.0
621,Green Line,2023-09-14,67152.048,70.7,0.035,rain,0.0
622,Green Line,2023-09-15,56694.531,63.8,0.0,,0.0
623,Green Line,2023-09-16,42458.205,65.3,0.075,rain,0.0
624,Green Line,2023-09-17,42376.939,68.2,0.0,,0.0
625,Green Line,2023-09-18,31210.685,64.9,1.468,rain,0.0
626,Green Line,2023-09-19,38330.046,66.9,0.052,rain,0.0
627,Green Line,2023-09-20,39574.152,66.2,0.0,,0.0
628,Green Line,2023-09-21,39685.469,63.3,0.0,,0.0
629,Green Line,2023-09-22,44846.251,61.8,0.0,,0.0
630,Green Line,2023-09-23,37852.299,59.6,0.093,rain,0.0
631,Green Line,2023-09-24,30949.766,60.8,0.349,rain,0.0
632,Green Line,2023-09-25,33596.616,60.4,0.077,rain,0.0
633,Green Line,2023-09-26,42683.269,57.3,0.0,,0.0
634,Green Line,2023-09-27,41862.398,56.4,0.0,,0.0
635,Green Line,2023-09-28,38715.978,58.0,0.0,,0.0
636,Green Line,2023-09-29,37051.776,57.4,0.283,rain,0.0
637,Green Line,2023-09-30,33021.658,59.0,0.007,rain,0.0
638,Green Line,2023-10-01,27029.554,60.2,0.0,,0.0
639,Green Line,2023-10-02,32938.452,63.2,0.0,,0.0
640,Green Line,2023-10-03,36414.896,68.6,0.0,,0.0
641,Green Line,2023-10-04,37411.534,67.8,0.0,,0.0
642,Green Line,2023-10-05,37987.33,66.1,0.0,,0.0
643,Green Line,2023-10-06,37529.497,64.8,0.0,,0.0
644,Green Line,2023-10-07,31394.358,64.4,0.098,rain,0.0
645,Green Line,2023-10-08,29063.379,58.1,0.032,rain,0.0
646,Green Line,2023-10-09,29817.757,54.6,0.0,,0.0
647,Green Line,2023-10-10,36107.359,56.2,0.0,,0.0
648,Green Line,2023-10-11,36326.425,59.0,0.0,,0.0
649,Green Line,2023-10-12,39160.708,60.2,0.0,,0.0
650,Green Line,2023-10-13,54231.823,55.4,0.0,,0.0
651,Green Line,2023-10-14,55051.876000000004,54.9,0.0,,0.0
652,Green Line,2023-10-15,39177.666,54.3,0.0,,0.0
653,Green Line,2023-10-16,49558.834,53.0,0.06,rain,0.0
654,Green Line,2023-10-17,53957.333,53.5,0.0,,0.0
655,Green Line,2023-10-18,52745.466,55.6,0.001,rain,0.0
656,Green Line,2023-10-19,56648.353,57.7,0.0,,0.0
657,Green Line,2023-10-20,54094.938,57.4,0.05,rain,0.0
658,Green Line,2023-10-21,35690.027,57.9,0.571,rain,0.0
659,Green Line,2023-10-22,39230.855,54.4,0.0,,0.0
660,Green Line,2023-10-23,47093.682,53.2,0.0,,0.0
661,Green Line,2023-10-24,50191.775,52.6,0.0,,0.0
662,Green Line,2023-10-25,52094.709,62.3,0.0,,0.0
663,Green Line,2023-10-26,55669.387,67.1,0.0,,0.0
664,Green Line,2023-10-27,55973.009,68.4,0.0,,0.0
665,Green Line,2023-10-28,57281.227,70.2,0.0,,0.0
666,Green Line,2023-10-29,34919.695,52.4,0.156,rain,0.0
667,Green Line,2023-10-30,47564.016,49.8,0.495,rain,0.0
668,Green Line,2023-10-31,56360.892,44.4,0.0,,0.0
669,Green Line,2023-11-01,54478.051999999996,42.6,0.0,,0.0
670,Green Line,2023-11-02,59008.211,39.7,0.0,,0.0
671,Green Line,2023-11-03,54824.979,46.3,0.0,,0.0
672,Green Line,2023-11-04,51493.266,51.4,0.0,,0.0
673,Green Line,2023-11-05,36399.8,53.3,0.0,,0.0
674,Green Line,2023-11-06,47225.775,46.9,0.0,,0.0
675,Green Line,2023-11-07,51202.459,57.0,0.104,rain,0.0
676,Green Line,2023-11-08,53209.238,42.1,0.0,,0.0
677,Green Line,2023-11-09,53339.766,40.1,0.113,rain,0.0
678,Green Line,2023-11-10,55482.627,45.5,0.0,,0.0
679,Green Line,2023-11-11,53668.431,43.5,0.0,,0.0
680,Green Line,2023-11-12,39303.462,35.8,0.0,,0.0
681,Green Line,2023-11-13,45284.376,36.1,0.0,,0.0
682,Green Line,2023-11-14,51550.309,41.3,0.0,,0.0
683,Green Line,2023-11-15,53789.045,42.4,0.0,,0.0
684,Green Line,2023-11-16,54232.361000000004,51.2,0.0,,0.0
685,Green Line,2023-11-17,53724.172,53.7,0.0,,0.0
686,Green Line,2023-11-18,42184.182,48.8,0.083,rain,0.0
687,Green Line,2023-11-19,31548.372,43.1,0.0,,0.0
688,Green Line,2023-11-20,45249.997,35.8,0.0,,0.0
689,Green Line,2023-11-21,48534.83,35.6,0.0,,0.0
690,Green Line,2023-11-22,36883.129,45.7,1.184,rain,0.0
691,Green Line,2023-11-23,13892.585,45.4,0.0,,0.0
692,Green Line,2023-11-24,39923.07,42.7,0.0,,0.0
693,Green Line,2023-11-25,34536.818,31.4,0.0,,0.0
694,Green Line,2023-11-26,28178.284,38.0,0.012,rain,0.0
695,Green Line,2023-11-27,14998.886,47.7,0.427,rain,0.0
696,Green Line,2023-11-28,17519.046,35.9,0.0,,0.0
697,Green Line,2023-11-29,14929.633,32.0,0.0,,0.0
698,Green Line,2023-11-30,18008.168,37.9,0.0,,0.0
699,Green Line,2023-12-01,14849.543,46.9,0.062,rain,0.0
700,Green Line,2023-12-02,12395.315,47.6,0.0,,0.0
701,Green Line,2023-12-03,7165.621,44.7,0.683,rain,0.0
702,Green Line,2023-12-04,12527.274,43.3,0.14,rain,0.0
703,Green Line,2023-12-05,13550.78,36.8,0.0,,0.0
704,Green Line,2023-12-06,41762.669,30.5,0.0,"rain,snow",0.4
705,Green Line,2023-12-07,43831.646,27.5,0.0,,0.0
706,Green Line,2023-12-08,47741.235,34.9,0.0,,0.0
707,Green Line,2023-12-09,43887.156,43.5,0.0,,0.0
708,Green Line,2023-12-10,27698.573,53.5,0.316,rain,0.0
709,Green Line,2023-12-11,38912.234,46.6,1.869,rain,0.0
710,Green Line,2023-12-12,47775.455,38.0,0.0,,0.0
711,Green Line,2023-12-13,46184.641,39.1,0.0,,0.0
712,Green Line,2023-12-14,50301.53,31.9,0.0,,0.0
713,Green Line,2023-12-15,45832.801,43.9,0.0,,0.0
714,Green Line,2023-12-16,43078.284,44.8,0.0,,0.0
715,Green Line,2023-12-17,29212.346,45.7,0.363,rain,0.0
716,Green Line,2023-12-18,29249.544,55.8,1.422,rain,0.0
717,Green Line,2023-12-19,40718.726,42.5,0.091,rain,0.0
718,Green Line,2023-12-20,39760.846,36.4,0.0,,0.0
719,Green Line,2023-12-21,35731.663,32.0,0.0,,0.0
720,Green Line,2023-12-22,31418.06,27.8,0.0,,0.0
721,Green Line,2023-12-23,25948.009,34.2,0.0,,0.0
722,Green Line,2023-12-24,15079.996,41.8,0.011,rain,0.0
723,Green Line,2023-12-25,8532.815,44.6,0.0,,0.0
724,Green Line,2023-12-26,25835.501,40.7,0.0,,0.0
725,Green Line,2023-12-27,30923.607,45.2,0.019,rain,0.0
726,Green Line,2023-12-28,32821.116,44.2,0.693,rain,0.0
727,Green Line,2023-12-29,33916.01,42.9,0.023,rain,0.0
728,Green Line,2023-12-30,30311.26,42.3,0.098,rain,0.0
729,Green Line,2023-12-31,28196.65,35.8,0.0,,0.0
730,Green Line,2024-01-01,15528.81,33.3,0.0,,0.0
731,Green Line,2024-01-02,29778.02,31.7,0.0,,0.0
732,Green Line,2024-01-03,9617.96,36.6,0.0,,0.0
733,Green Line,2024-01-04,9412.52,36.8,0.0,,0.0
734,Green Line,2024-01-05,9079.72,27.3,0.0,,0.0
735,Green Line,2024-01-06,5923.14,33.9,0.051,"rain,snow",0.0
736,Green Line,2024-01-07,2488.59,31.0,0.955,"rain,snow",5.9
737,Green Line,2024-01-08,7411.07,30.8,0.0,snow,0.3
738,Green Line,2024-01-09,8649.39,33.5,0.465,rain,0.0
739,Green Line,2024-01-10,8838.2,48.8,2.0,rain,0.0
740,Green Line,2024-01-11,8421.99,41.7,0.0,,0.0
741,Green Line,2024-01-12,10656.73,40.8,0.0,,0.0
742,Green Line,2024-01-13,22133.1,47.0,1.443,rain,0.0
743,Green Line,2024-01-14,21231.49,34.8,0.0,,0.0
744,Green Line,2024-01-15,22173.04,27.9,0.0,,0.0
745,Green Line,2024-01-16,8624.06,28.5,0.553,"rain,snow",2.1
746,Green Line,2024-01-17,9987.460000000001,22.5,0.0,,0.0
747,Green Line,2024-01-18,9996.8,23.6,0.0,,0.0
748,Green Line,2024-01-19,10615.67,25.4,0.0,snow,0.1
749,Green Line,2024-01-20,6204.95,16.4,0.0,,0.0
750,Green Line,2024-01-21,3600.14,20.1,0.0,,0.0
751,Green Line,2024-01-22,9072.37,28.9,0.0,,0.0
752,Green Line,2024-01-23,8854.0,37.1,0.0,,0.0
753,Green Line,2024-01-24,8552.33,35.2,0.359,"rain,snow",1.5
754,Green Line,2024-01-25,9008.91,44.4,0.337,rain,0.0
755,Green Line,2024-01-26,8364.24,39.4,0.676,rain,0.0
756,Green Line,2024-01-27,6918.0,36.6,0.0,,0.0
757,Green Line,2024-01-28,3454.0,36.0,0.497,"rain,snow",0.7
758,Green Line,2024-01-29,29318.82,34.3,0.125,"rain,snow",1.4
759,Green Line,2024-01-30,37480.72,28.8,0.0,,0.0
760,Green Line,2024-01-31,36255.22,31.1,0.0,,0.0
761,Green Line,2024-02-01,42908.887,38.2,0.0,,0.0
762,Green Line,2024-02-02,41593.131,39.6,0.042,"rain,snow",0.0
763,Green Line,2024-02-03,39099.554,33.3,0.0,,0.0
764,Green Line,2024-02-04,28831.285,32.2,0.0,,0.0
765,Green Line,2024-02-05,39746.352,33.7,0.0,,0.0
766,Green Line,2024-02-06,45377.684,32.6,0.0,,0.0
767,Green Line,2024-02-07,47031.983,33.7,0.0,,0.0
768,Green Line,2024-02-08,47368.006,34.6,0.0,,0.0
769,Green Line,2024-02-09,45755.556,37.6,0.0,,0.0
770,Green Line,2024-02-10,43264.481999999996,46.6,0.039,rain,0.0
771,Green Line,2024-02-11,26546.344,45.6,0.0,,0.0
772,Green Line,2024-02-12,40948.498,38.9,0.0,,0.0
773,Green Line,2024-02-13,22015.304,35.1,0.246,"rain,snow",1.6
774,Green Line,2024-02-14,50928.946,30.8,0.0,,0.0
775,Green Line,2024-02-15,27541.081,31.1,0.011,"rain,snow",0.0
776,Green Line,2024-02-16,44485.126,34.2,0.0,"rain,snow",0.8
777,Green Line,2024-02-17,43328.584,30.5,0.0,"rain,snow",0.0
778,Green Line,2024-02-18,36665.811,29.3,0.0,,0.0
779,Green Line,2024-02-19,31879.528000000002,32.5,0.0,,0.0
780,Green Line,2024-02-20,25106.354,27.2,0.0,,0.0
781,Green Line,2024-02-21,26141.791,30.2,0.0,,0.0
782,Green Line,2024-02-22,27249.813,33.4,0.0,,0.0
783,Green Line,2024-02-23,25143.691,38.7,0.069,rain,0.0
784,Green Line,2024-02-24,19249.477,34.6,0.0,,0.0
785,Green Line,2024-02-25,13419.649,25.3,0.0,,0.0
786,Green Line,2024-02-26,22312.848,41.8,0.0,,0.0
787,Green Line,2024-02-27,27976.7,40.9,0.013,rain,0.0
788,Green Line,2024-02-28,26542.338,53.2,0.181,rain,0.0
789,Green Line,2024-02-29,28847.82,30.6,0.051,"rain,snow",0.0
790,Green Line,2024-03-01,27252.759,32.2,0.0,,0.0
791,Green Line,2024-03-02,15758.076000000001,40.1,0.725,rain,0.0
792,Green Line,2024-03-03,13457.653,49.1,0.729,rain,0.0
793,Green Line,2024-03-04,23629.253,44.4,0.0,,0.0
794,Green Line,2024-03-05,28009.158,39.9,0.175,rain,0.0
795,Green Line,2024-03-06,27351.916,44.1,0.156,rain,0.0
796,Green Line,2024-03-07,28007.732,42.6,1.294,rain,0.0
797,Green Line,2024-03-08,27535.919,39.5,0.0,,0.0
798,Green Line,2024-03-09,28902.486,37.6,0.036,rain,0.0
799,Green Line,2024-03-10,26872.191,46.0,0.893,rain,0.0
800,Green Line,2024-03-11,37839.302,38.9,0.0,,0.0
801,Green Line,2024-03-12,44384.015,45.2,0.0,,0.0
802,Green Line,2024-03-13,46540.868,42.6,0.0,,0.0
803,Green Line,2024-03-14,50301.985,43.5,0.0,,0.0
804,Green Line,2024-03-15,47342.94,41.7,0.032,rain,0.0
805,Green Line,2024-03-16,48592.482,44.8,0.0,,0.0
806,Green Line,2024-03-17,36054.971,48.4,0.022,rain,0.0
807,Green Line,2024-03-18,44426.108,44.0,0.0,,0.0
808,Green Line,2024-03-19,48458.97,39.7,0.0,,0.0
809,Green Line,2024-03-20,49302.104,42.0,0.065,rain,0.0
810,Green Line,2024-03-21,49019.58,33.2,0.0,,0.0
811,Green Line,2024-03-22,48638.128,33.1,0.0,,0.0
812,Green Line,2024-03-23,34733.113,37.5,2.108,"rain,snow",0.2
813,Green Line,2024-03-24,33892.358,34.1,0.0,,0.0
814,Green Line,2024-03-25,41868.078,37.2,0.0,,0.0
815,Green Line,2024-03-26,46736.907,37.1,0.023,rain,0.0
816,Green Line,2024-03-27,49276.508,42.3,0.106,rain,0.0
817,Green Line,2024-03-28,51440.753,46.8,1.446,rain,0.0
818,Green Line,2024-03-29,50569.002,44.2,0.757,rain,0.0
819,Green Line,2024-03-30,51862.312,47.0,0.0,,0.0
820,Green Line,2024-03-31,29356.119,48.6,0.0,,0.0
821,Green Line,2024-04-01,43387.982,44.3,0.0,,0.0
822,Green Line,2024-04-02,50049.174,43.1,0.025,rain,0.0
823,Green Line,2024-04-03,49761.351,40.4,0.46,rain,0.0
824,Green Line,2024-04-04,42654.135,36.6,1.101,"rain,snow",1.2
825,Green Line,2024-04-05,52216.709,40.4,0.0,rain,0.0
826,Green Line,2024-04-06,44167.451,40.3,0.044,rain,0.0
827,Green Line,2024-04-07,33996.105,40.3,0.0,,0.0
828,Green Line,2024-04-08,41611.762,52.7,0.0,,0.0
829,Green Line,2024-04-09,56542.645,51.3,0.0,,0.0
830,Green Line,2024-04-10,53259.603,47.4,0.0,,0.0
831,Green Line,2024-04-11,55119.019,46.4,0.056,rain,0.0
832,Green Line,2024-04-12,53786.6,56.3,0.741,rain,0.0
833,Green Line,2024-04-13,68283.153,50.8,0.0,,0.0
834,Green Line,2024-04-14,59032.552,51.4,0.044,rain,0.0
835,Green Line,2024-04-15,73217.402,57.7,0.0,,0.0
836,Green Line,2024-04-16,60918.771,58.0,0.0,,0.0
837,Green Line,2024-04-17,55073.029,47.8,0.0,,0.0
838,Green Line,2024-04-18,56625.732,45.8,0.155,rain,0.0
839,Green Line,2024-04-19,51727.195,48.4,0.0,,0.0
840,Green Line,2024-04-20,40373.06,51.8,0.291,rain,0.0
841,Green Line,2024-04-21,36993.276,47.4,0.0,,0.0
842,Green Line,2024-04-22,43386.404,47.4,0.0,,0.0
843,Green Line,2024-04-23,50497.601,48.4,0.0,,0.0
844,Green Line,2024-04-24,53758.805,50.4,0.001,rain,0.0
845,Green Line,2024-04-25,53178.583,41.8,0.0,,0.0
846,Green Line,2024-04-26,58385.495,45.3,0.0,,0.0
847,Green Line,2024-04-27,59710.736,50.7,0.0,,0.0
848,Green Line,2024-04-28,44941.085,56.0,0.001,rain,0.0
849,Green Line,2024-04-29,43720.195,57.8,0.0,,0.0
850,Green Line,2024-04-30,56092.247,50.5,0.092,rain,0.0
851,Green Line,2024-05-01,55482.252,47.2,0.062,rain,0.0
852,Green Line,2024-05-02,53817.192,53.6,0.106,rain,0.0
853,Green Line,2024-05-03,45572.925,50.0,0.0,,0.0
854,Green Line,2024-05-04,43740.387,49.4,0.0,,0.0
855,Green Line,2024-05-05,33014.702,48.4,0.3,rain,0.0
856,Green Line,2024-05-06,42440.023,61.9,0.185,rain,0.0
857,Green Line,2024-05-07,48419.709,63.1,0.0,,0.0
858,Green Line,2024-05-08,45138.342,54.9,0.702,rain,0.0
859,Green Line,2024-05-09,49593.231,54.5,0.0,,0.0
860,Green Line,2024-05-10,51645.149,49.9,0.0,,0.0
861,Green Line,2024-05-11,48792.121,48.4,0.0,,0.0
862,Green Line,2024-05-12,37697.866,51.0,0.0,,0.0
863,Green Line,2024-05-13,47924.769,57.1,0.0,,0.0
864,Green Line,2024-05-14,55180.617,63.3,0.0,,0.0
865,Green Line,2024-05-15,56066.509,62.9,0.068,rain,0.0
866,Green Line,2024-05-16,55567.562,56.3,0.583,rain,0.0
867,Green Line,2024-05-17,52176.651,57.6,0.0,,0.0
868,Green Line,2024-05-18,43139.62,55.4,0.239,rain,0.0
869,Green Line,2024-05-19,34349.546,53.8,0.429,rain,0.0
870,Green Line,2024-05-20,44353.018,55.5,0.0,,0.0
871,Green Line,2024-05-21,49245.615,66.6,0.0,,0.0
872,Green Line,2024-05-22,50224.735,74.1,0.0,,0.0
873,Green Line,2024-05-23,47841.085,71.1,0.078,rain,0.0
874,Green Line,2024-05-24,52180.176999999996,75.1,0.002,rain,0.0
875,Green Line,2024-05-25,52202.55,65.6,0.0,,0.0
876,Green Line,2024-05-26,42479.798,63.6,0.127,rain,0.0
877,Green Line,2024-05-27,31010.345,64.1,0.012,rain,0.0
878,Green Line,2024-05-28,43661.059,73.7,0.391,rain,0.0
879,Green Line,2024-05-29,46956.422,67.0,0.0,,0.0
880,Green Line,2024-05-30,47273.462,57.1,1.425,rain,0.0
881,Green Line,2024-05-31,48698.541,65.9,0.0,,0.0
882,Green Line,2024-06-01,41167.259,68.9,0.0,,0.0
883,Green Line,2024-06-02,33628.537,67.1,0.0,,0.0
884,Green Line,2024-06-03,40192.242,68.2,0.0,,0.0
885,Green Line,2024-06-04,49880.034,62.6,0.0,,0.0
886,Green Line,2024-06-05,54668.099,71.2,0.0,,0.0
887,Green Line,2024-06-06,48623.534999999996,67.0,0.0,,0.0
888,Green Line,2024-06-07,51049.756,65.6,0.02,rain,0.0
889,Green Line,2024-06-08,65703.257,68.1,0.019,rain,0.0
890,Green Line,2024-06-09,33156.252,64.8,0.232,rain,0.0
891,Green Line,2024-06-10,47321.703,67.4,0.0,,0.0
892,Green Line,2024-06-11,59627.225,64.5,0.0,,0.0
893,Green Line,2024-06-12,60122.762,67.4,0.0,,0.0
894,Green Line,2024-06-13,59497.466,72.7,0.0,,0.0
895,Green Line,2024-06-14,59217.503,71.2,0.346,rain,0.0
896,Green Line,2024-06-15,51298.176,70.5,0.242,rain,0.0
897,Green Line,2024-06-16,43180.806,63.1,0.0,,0.0
898,Green Line,2024-06-17,52055.628,70.2,0.0,,0.0
899,Green Line,2024-06-18,51786.12,78.4,0.0,,0.0
900,Green Line,2024-06-19,37795.532,81.8,0.0,,0.0
901,Green Line,2024-06-20,55796.587,83.6,0.285,rain,0.0
902,Green Line,2024-06-21,73131.129,72.3,0.495,rain,0.0
903,Green Line,2024-06-22,43546.663,65.0,0.111,rain,0.0
904,Green Line,2024-06-23,38151.05,72.2,0.079,rain,0.0
905,Green Line,2024-06-24,49659.611,76.4,0.001,rain,0.0
906,Green Line,2024-06-25,55418.374,77.3,0.076,rain,0.0
907,Green Line,2024-06-26,54627.731999999996,79.2,1.68,rain,0.0
908,Green Line,2024-06-27,50651.599,74.1,0.333,rain,0.0
909,Green Line,2024-06-28,52541.913,65.9,0.0,,0.0
910,Green Line,2024-06-29,46899.236000000004,67.7,0.0,,0.0
911,Green Line,2024-06-30,36176.124,77.5,0.022,rain,0.0
912,Green Line,2024-07-01,46063.218,72.1,0.149,rain,0.0
913,Green Line,2024-07-02,50915.667,71.7,0.0,,0.0
914,Green Line,2024-07-03,47559.279,73.2,0.0,,0.0
915,Green Line,2024-07-04,33451.541,73.9,0.0,,0.0
916,Green Line,2024-07-05,38575.041,75.0,0.383,rain,0.0
917,Green Line,2024-07-06,34673.756,76.4,0.002,rain,0.0
918,Green Line,2024-07-07,31309.937,77.6,0.0,,0.0
919,Green Line,2024-07-08,41059.326,77.2,0.0,,0.0
920,Green Line,2024-07-09,47726.734,80.7,0.0,,0.0
921,Green Line,2024-07-10,50640.013,80.4,0.0,,0.0
922,Green Line,2024-07-11,52245.781,80.6,0.001,rain,0.0
923,Green Line,2024-07-12,50020.45,78.9,0.031,rain,0.0
924,Green Line,2024-07-13,33663.481,77.4,0.308,rain,0.0
925,Green Line,2024-07-14,33432.628,78.3,0.0,,0.0
926,Green Line,2024-07-15,40210.718,80.8,0.041,rain,0.0
927,Green Line,2024-07-16,45457.481,83.1,0.005,rain,0.0
928,Green Line,2024-07-17,46762.385,82.2,0.002,rain,0.0
929,Green Line,2024-07-18,54235.629,79.3,0.229,rain,0.0
930,Green Line,2024-07-19,53032.874,72.6,0.0,,0.0
931,Green Line,2024-07-20,45037.019,77.3,0.0,,0.0
932,Green Line,2024-07-21,36246.438,74.6,0.0,,0.0
933,Green Line,2024-07-22,40072.689,71.6,0.0,,0.0
934,Green Line,2024-07-23,49827.817,70.4,0.023,rain,0.0
935,Green Line,2024-07-24,46875.09,66.0,0.012,rain,0.0
936,Green Line,2024-07-25,47645.409,72.6,0.003,rain,0.0
937,Green Line,2024-07-26,53154.045,74.8,0.0,,0.0
938,Green Line,2024-07-27,43766.713,73.5,0.0,,0.0
939,Green Line,2024-07-28,35358.042,69.6,0.001,rain,0.0
940,Green Line,2024-07-29,45391.376,69.0,0.034,rain,0.0
941,Green Line,2024-07-30,52798.348,78.1,0.0,,0.0
942,Green Line,2024-07-31,50671.479,76.6,0.196,rain,0.0
943,Green Line,2024-08-01,45587.496,83.8,0.0,,0.0
944,Green Line,2024-08-02,42300.262,80.2,0.76,rain,0.0
945,Green Line,2024-08-03,35352.985,80.9,0.0,,0.0
946,Green Line,2024-08-04,27011.806,77.4,0.358,rain,0.0
947,Green Line,2024-08-05,48354.231999999996,77.4,0.0,,0.0
948,Green Line,2024-08-06,47989.765,69.5,0.359,rain,0.0
949,Green Line,2024-08-07,56877.936,64.0,0.447,rain,0.0
950,Green Line,2024-08-08,53419.336,65.2,0.205,rain,0.0
951,Green Line,2024-08-09,55353.143000000004,72.6,0.119,rain,0.0
952,Green Line,2024-08-10,54216.731,80.2,0.305,rain,0.0
953,Green Line,2024-08-11,44043.407999999996,75.5,0.0,,0.0
954,Green Line,2024-08-12,51458.877,71.5,0.0,,0.0
955,Green Line,2024-08-13,58906.47,72.5,0.0,,0.0
956,Green Line,2024-08-14,56824.934,72.0,0.0,,0.0
957,Green Line,2024-08-15,49087.495,69.9,0.87,rain,0.0
958,Green Line,2024-08-16,46440.707,67.7,0.0,,0.0
959,Green Line,2024-08-17,39903.329,66.2,0.0,,0.0
960,Green Line,2024-08-18,31215.605,66.8,0.033,rain,0.0
961,Green Line,2024-08-19,39972.735,69.8,0.242,rain,0.0
962,Green Line,2024-08-20,46893.827,65.7,0.011,rain,0.0
963,Green Line,2024-08-21,44616.912,65.5,0.001,rain,0.0
964,Green Line,2024-08-22,44860.095,66.3,0.0,,0.0
965,Green Line,2024-08-23,48102.188,72.1,0.0,,0.0
966,Green Line,2024-08-24,46079.306000000004,71.2,0.0,,0.0
967,Green Line,2024-08-25,35788.225,71.5,0.0,,0.0
968,Green Line,2024-08-26,47138.355,69.7,0.001,rain,0.0
969,Green Line,2024-08-27,54242.863,69.9,0.0,,0.0
970,Green Line,2024-08-28,54790.981999999996,78.0,0.0,,0.0
971,Green Line,2024-08-29,55426.978,65.5,0.0,,0.0
972,Green Line,2024-08-30,49610.226,64.4,0.0,,0.0
973,Green Line,2024-08-31,47311.387,69.3,0.0,,0.0
974,Green Line,2024-09-01,41398.57,75.5,0.0,,0.0
975,Green Line,2024-09-02,37190.197,71.4,0.0,,0.0
976,Green Line,2024-09-03,46162.237,65.4,0.0,,0.0
977,Green Line,2024-09-04,50858.234,68.1,0.0,,0.0
978,Green Line,2024-09-05,53712.106,66.1,0.0,,0.0
979,Green Line,2024-09-06,57381.641,66.3,0.0,,0.0
980,Green Line,2024-09-07,52912.475,67.2,0.0,,0.0
981,Green Line,2024-09-08,42677.507,63.1,0.0,,0.0
982,Green Line,2024-09-09,53338.585,66.0,0.0,,0.0
983,Green Line,2024-09-10,58842.367,69.5,0.0,,0.0
984,Green Line,2024-09-11,58470.344,65.5,0.0,,0.0
985,Green Line,2024-09-12,53471.014,68.6,0.0,,0.0
986,Green Line,2024-09-13,54399.974,70.4,0.0,,0.0
987,Green Line,2024-09-14,50432.061,68.7,0.0,,0.0
988,Green Line,2024-09-15,42169.478,66.6,0.0,,0.0
989,Green Line,2024-09-16,49622.861,66.2,0.0,,0.0
990,Green Line,2024-09-17,60259.868,66.6,0.0,,0.0
991,Green Line,2024-09-18,58891.231999999996,64.5,0.0,,0.0
992,Green Line,2024-09-19,55530.881,66.8,0.013,rain,0.0
993,Green Line,2024-09-20,60873.753000000004,63.2,0.012,rain,0.0
994,Green Line,2024-09-21,55911.346,58.9,0.877,rain,0.0
995,Green Line,2024-09-22,47617.642,60.2,0.081,rain,0.0
996,Green Line,2024-09-23,48463.805,59.5,0.0,,0.0
997,Green Line,2024-09-24,55304.997,59.8,0.0,,0.0
998,Green Line,2024-09-25,54062.885,61.7,0.0,,0.0
999,Green Line,2024-09-26,55517.932,63.4,0.303,rain,0.0
1000,Green Line,2024-09-27,63396.805,67.5,0.0,,0.0
1001,Green Line,2024-09-28,61684.03,62.9,0.0,,0.0
1002,Green Line,2024-09-29,43882.927,61.1,0.0,,0.0
1003,Green Line,2024-09-30,47725.648,61.2,0.0,,0.0
1004,Green Line,2024-10-01,53539.027,61.1,0.0,,0.0
1005,Green Line,2024-10-02,47168.686,60.2,0.0,,0.0
1006,Green Line,2024-10-03,52977.267,61.4,0.0,,0.0
1007,Green Line,2024-10-04,56488.509,63.1,0.0,,0.0
1008,Green Line,2024-10-05,54767.179,62.3,0.001,rain,0.0
1009,Green Line,2024-10-06,41159.567,56.5,0.0,,0.0
1010,Green Line,2024-10-07,47922.856999999996,57.3,0.392,rain,0.0
1011,Green Line,2024-10-08,57954.979,57.8,0.0,,0.0
1012,Green Line,2024-10-09,58599.43,56.8,0.0,,0.0
1013,Green Line,2024-10-10,61315.702,52.6,0.0,,0.0
1014,Green Line,2024-10-11,61926.562,56.9,0.0,,0.0
1015,Green Line,2024-10-12,68783.554,62.7,0.0,,0.0
1016,Green Line,2024-10-13,50469.493,50.1,0.098,rain,0.0
1017,Green Line,2024-10-14,51225.592000000004,50.9,0.204,rain,0.0
1018,Green Line,2024-10-15,61399.155,48.0,0.0,,0.0
1019,Green Line,2024-10-16,61416.729,49.2,0.0,,0.0
1020,Green Line,2024-10-17,66564.912,46.9,0.0,,0.0
1021,Green Line,2024-10-18,65192.956,51.0,0.0,,0.0
1022,Green Line,2024-10-19,57280.93,55.2,0.0,,0.0
1023,Green Line,2024-10-20,41066.572,60.3,0.0,,0.0
1024,Green Line,2024-10-21,55198.977,67.5,0.0,,0.0
1025,Green Line,2024-10-22,65971.178,62.4,0.0,,0.0
1026,Green Line,2024-10-23,63704.287000000004,63.3,0.0,,0.0
1027,Green Line,2024-10-24,65809.37,63.0,0.0,,0.0
1028,Green Line,2024-10-25,64925.335,51.3,0.0,,0.0
1029,Green Line,2024-10-26,56828.559,56.8,0.0,,0.0
1030,Green Line,2024-10-27,37771.008,48.0,0.0,,0.0
1031,Green Line,2024-10-28,60050.079,43.8,0.0,,0.0
1032,Green Line,2024-10-29,66343.107,47.9,0.011,rain,0.0
1033,Green Line,2024-10-30,67283.338,56.9,0.211,rain,0.0
1034,Green Line,2024-10-31,68693.612,66.1,0.0,,0.0
1035,Green Line,2024-11-01,63845.338,67.3,0.0,,0.0
1036,Green Line,2024-11-02,55315.768,50.9,0.0,,0.0
1037,Green Line,2024-11-03,41781.115,41.4,0.0,,0.0
1038,Green Line,2024-11-04,52291.078,44.1,0.0,,0.0
1039,Green Line,2024-11-05,53605.989,61.8,0.0,,0.0
1040,Green Line,2024-11-06,54421.576,71.1,0.0,,0.0
1041,Green Line,2024-11-07,61888.596,64.2,0.0,,0.0
1042,Green Line,2024-11-08,59676.069,54.0,0.011,rain,0.0
1043,Green Line,2024-11-09,51187.122,46.4,0.0,,0.0
1044,Green Line,2024-11-10,37275.577,48.1,0.012,rain,0.0
1045,Green Line,2024-11-11,40794.473,60.4,0.082,rain,0.0
1046,Green Line,2024-11-12,57236.463,48.8,0.0,,0.0
1047,Green Line,2024-11-13,57460.869,38.3,0.0,,0.0
1048,Green Line,2024-11-14,59129.547,37.9,0.0,,0.0
1049,Green Line,2024-11-15,57617.067,45.7,0.0,,0.0
1050,Green Line,2024-11-16,51113.119,52.0,0.0,,0.0
1051,Green Line,2024-11-17,32733.197,53.2,0.0,,0.0
1052,Green Line,2024-11-18,45787.531,52.6,0.0,,0.0
1053,Green Line,2024-11-19,51588.954,50.1,0.0,,0.0
1054,Green Line,2024-11-20,50457.283,46.0,0.0,,0.0
1055,Green Line,2024-11-21,50444.48,46.8,0.656,rain,0.0
1056,Green Line,2024-11-22,52079.621,47.4,0.612,rain,0.0
1057,Green Line,2024-11-23,40848.752,44.8,0.911,rain,0.0
1058,Green Line,2024-11-24,35428.746,45.4,0.0,,0.0
1059,Green Line,2024-11-25,52938.233,43.7,0.0,,0.0
1060,Green Line,2024-11-26,53642.412,41.6,0.332,rain,0.0
1061,Green Line,2024-11-27,43571.8,43.2,0.0,,0.0
1062,Green Line,2024-11-28,11886.199,43.3,0.732,rain,0.0
1063,Green Line,2024-11-29,41969.937,40.6,0.0,,0.0
1064,Green Line,2024-11-30,37357.201,35.9,0.0,,0.0
1065,Green Line,2024-12-01,32370.668,32.7,0.0,,0.0
1066,Green Line,2024-12-02,45742.339,32.4,0.0,,0.0
1067,Green Line,2024-12-03,51733.467,32.7,0.0,,0.0
1068,Green Line,2024-12-04,54003.13,34.1,0.031,rain,0.0
1069,Green Line,2024-12-05,54685.404,36.8,0.389,"rain,snow",0.3
1070,Green Line,2024-12-06,44180.375,31.2,0.0,,0.0
1071,Green Line,2024-12-07,39498.108,32.2,0.0,,0.0
1072,Green Line,2024-12-08,27350.377,41.5,0.022,"rain,snow",0.0
1073,Green Line,2024-12-09,34779.531,42.3,0.335,rain,0.0
1074,Green Line,2024-12-10,38408.884,34.8,0.082,rain,0.0
1075,Green Line,2024-12-11,35443.374,49.3,2.624,rain,0.0
1076,Green Line,2024-12-12,41611.801,39.5,0.077,rain,0.0
1077,Green Line,2024-12-13,37471.097,29.5,0.0,,0.0
1078,Green Line,2024-12-14,34571.67,28.1,0.0,,0.0
1079,Green Line,2024-12-15,25564.0,29.0,0.0,,0.0
1080,Green Line,2024-12-16,32276.17,38.9,0.0,,0.0
1081,Green Line,2024-12-17,35087.001,53.2,0.174,rain,0.0
1082,Green Line,2024-12-18,34295.38,44.2,0.509,rain,0.0
1083,Green Line,2024-12-19,35534.461,39.8,0.188,rain,0.0
1084,Green Line,2024-12-20,31925.477,31.3,0.447,"rain,snow",1.4
1085,Green Line,2024-12-21,31858.315000000002,24.9,0.0,snow,2.5
1086,Green Line,2024-12-22,21639.854,14.5,0.0,,0.0
1087,Green Line,2024-12-23,29759.039,18.2,0.0,,0.0
1088,Green Line,2024-12-24,21006.909,29.0,0.0,"rain,snow",0.8
1089,Green Line,2024-12-25,10373.815,28.1,0.0,,0.0
1090,Green Line,2024-12-26,27401.388,31.4,0.0,,0.0
1091,Green Line,2024-12-27,34810.731,31.7,0.0,,0.0
1092,Green Line,2024-12-28,37380.793,39.1,0.106,rain,0.0
1093,Green Line,2024-12-29,29551.442,44.6,0.013,rain,0.0
1094,Green Line,2024-12-30,36461.935,52.3,0.524,rain,0.0
1095,Green Line,2024-12-31,39769.525,43.8,0.0,,0.0
1096,Green Line,2025-01-01,18683.801,44.8,0.621,rain,0.0
1097,Green Line,2025-01-02,36938.269,38.6,0.0,,0.0
1098,Green Line,2025-01-03,37838.291,34.7,0.0,,0.0
1099,Green Line,2025-01-04,33946.753,28.9,0.0,,0.0
1100,Green Line,2025-01-05,26573.155,29.3,0.0,,0.0
1101,Green Line,2025-01-06,38612.268000000004,21.6,0.0,,0.0
1102,Green Line,2025-01-07,44544.719,21.1,0.0,,0.0
1103,Green Line,2025-01-08,43950.447,23.8,0.0,,0.0
1104,Green Line,2025-01-09,42937.753,22.4,0.0,,0.0
1105,Green Line,2025-01-10,44563.098,31.5,0.0,,0.0
1106,Green Line,2025-01-11,36568.219,29.9,0.127,"rain,snow",0.5
1107,Green Line,2025-01-12,29708.723,30.3,0.0,,0.0
1108,Green Line,2025-01-13,42603.983,34.5,0.0,,0.0
1109,Green Line,2025-01-14,51580.905,29.7,0.0,,0.0
1110,Green Line,2025-01-15,49383.408,25.2,0.0,,0.0
1111,Green Line,2025-01-16,49884.995,25.4,0.0,,0.0
1112,Green Line,2025-01-17,48911.046,28.6,0.0,,0.0
1113,Green Line,2025-01-18,46235.193,35.7,0.258,rain,0.0
1114,Green Line,2025-01-19,35676.116,38.8,0.262,"rain,snow",0.0
1115,Green Line,2025-01-20,33068.936,22.1,0.049,"rain,snow",1.9
1116,Green Line,2025-01-21,48153.683,16.8,0.0,,0.0
1117,Green Line,2025-01-22,48335.053,15.6,0.0,,0.0
1118,Green Line,2025-01-23,51602.578,22.9,0.0,,0.0
1119,Green Line,2025-01-24,48407.406,25.5,0.0,,0.0
1120,Green Line,2025-01-25,46187.015,24.4,0.0,,0.0
1121,Green Line,2025-01-26,33118.879,32.3,0.0,,0.0
1122,Green Line,2025-01-27,45823.239,32.3,0.0,,0.0
1123,Green Line,2025-01-28,50060.602,33.2,0.0,,0.0
1124,Green Line,2025-01-29,51838.399,32.8,0.062,snow,0.0
1125,Green Line,2025-01-30,52415.583,24.3,0.0,,0.0
1126,Green Line,2025-01-31,46427.326,35.6,0.571,"rain,snow",0.0
1127,Green Line,2025-02-01,43853.682,27.1,0.065,"rain,snow",0.4
1128,Green Line,2025-02-02,32276.4,19.2,0.033,snow,0.0
1129,Green Line,2025-02-03,45119.07,35.4,0.068,"rain,snow",0.4
1130,Green Line,2025-02-04,50423.452,36.6,0.0,,0.0
1131,Green Line,2025-02-05,49365.253,22.5,0.0,,0.0
1132,Green Line,2025-02-06,41508.948,27.8,0.222,"rain,snow",2.1
1133,Green Line,2025-02-07,46751.483,34.3,0.011,rain,0.0
1134,Green Line,2025-02-08,43110.557,29.9,0.0,,0.0
1135,Green Line,2025-02-09,23651.217,28.6,0.396,snow,4.9
1136,Green Line,2025-02-10,39574.087,29.5,0.0,,0.0
1137,Green Line,2025-02-11,46892.725,26.5,0.0,,0.0
1138,Green Line,2025-02-12,48183.706,30.3,0.0,,0.0
1139,Green Line,2025-02-13,47864.175,36.3,0.439,"rain,snow",0.9
1140,Green Line,2025-02-14,53768.795,30.5,0.0,,0.0
1141,Green Line,2025-02-15,47817.516,25.4,0.189,snow,0.0
1142,Green Line,2025-02-16,28739.238,32.9,1.517,"rain,snow",3.2
1143,Green Line,2025-02-17,37882.884,26.8,0.0,,0.0
1144,Green Line,2025-02-18,45748.293,21.2,0.0,,0.0
1145,Green Line,2025-02-19,48145.589,23.1,0.0,,0.0
1146,Green Line,2025-02-20,47554.494,24.1,0.0,,0.0
1147,Green Line,2025-02-21,48969.315,26.9,0.0,,0.0
1148,Green Line,2025-02-22,15525.734,26.8,0.0,,0.0
1149,Green Line,2025-02-23,9307.988,34.7,0.0,,0.0
1150,Green Line,2025-02-24,40823.844,36.4,0.0,,0.0
1151,Green Line,2025-02-25,48613.56,43.4,0.0,,0.0
1152,Green Line,2025-02-26,49504.504,45.4,0.0,,0.0
1153,Green Line,2025-02-27,50771.854999999996,43.1,0.072,rain,0.0
1154,Green Line,2025-02-28,50110.934,42.1,0.0,,0.0
